id,transaction_id,product_id,type,qty_unit,cost_unit,subtotal
1,1,1,buy,40,1575,63000
2,2,2,buy,5,9552,47760
3,3,3,buy,11,7200,79200
4,4,4,buy,9,8875,79875
5,5,5,buy,8,3885,31080
6,6,6,buy,24,2245,53880
7,7,7,buy,12,15250,183000
8,8,8,buy,40,1500,60000
9,9,9,buy,48,5770,276960
10,10,10,buy,12,14492,173904
11,11,11,buy,24,2245,53880
12,12,12,buy,10,1083,10830
13,13,13,buy,31,10833,335823
14,14,14,buy,24,5767,138408
15,15,15,buy,2,6168,12336
16,16,16,buy,18,6083,109494
17,17,17,buy,3,11594,34782
18,18,18,buy,48,5767,276816
19,19,19,buy,1,18500,18500
20,20,20,buy,2,11586,23172
21,21,21,buy,120,8033,963960
22,22,22,buy,48,18416,883968
23,23,23,buy,24,3033,72792
24,24,24,buy,1,5952,5952
25,25,25,buy,24,5483,131592
26,26,26,buy,40,1795,71800
27,27,27,buy,12,6000,72000
28,28,28,buy,24,5441,130584
29,29,29,buy,24,5441,130584
30,30,30,buy,3,12800,38400
31,31,31,buy,2,12800,25600
32,32,32,buy,1,18000,18000
33,33,33,buy,24,770,18480
34,34,34,buy,2,18500,37000
35,35,35,buy,24,770,18480
36,36,36,buy,4,18500,74000
37,37,37,buy,24,770,18480
38,38,38,buy,4,18500,74000
39,39,39,buy,24,770,18480
40,40,40,buy,3,18500,55500
41,41,41,buy,24,770,18480
42,42,42,buy,2,18500,37000
43,43,43,buy,4,5000,20000
44,44,44,buy,4,5000,20000
45,45,45,buy,11,3996,43956
46,46,46,buy,18,848,15264
47,47,47,buy,23,8480,195040
48,48,48,buy,1,27900,27900
49,49,49,buy,1,27900,27900
50,50,50,buy,1,27900,27900
51,51,51,buy,2,39900,79800
52,52,52,buy,1,90800,90800
53,53,53,buy,2,39900,79800
54,54,54,buy,1,90800,90800
55,55,55,buy,1,32000,32000
56,56,56,buy,1,39900,39900
57,57,57,buy,1,90800,90800
58,58,58,buy,250,120,30000
59,59,59,buy,90,1683,151470
60,60,60,buy,90,1683,151470
61,61,61,buy,12,7633,91596
62,62,62,buy,40,652,26080
63,63,63,buy,23,13040,299920
64,64,64,buy,2,7741,15482
65,65,65,buy,1,7741,7741
66,66,66,buy,1,7741,7741
67,67,67,buy,4,6900,27600
68,68,68,buy,1,9000,9000
69,69,69,buy,2,14321,28642
70,70,70,buy,40,1600,64000
71,71,71,buy,1,2500,2500
72,72,72,buy,14,7580,106120
73,73,73,buy,1,15583,15583
74,74,74,buy,24,10375,249000
75,75,75,buy,12,20666,247992
76,76,76,buy,48,2291,109968
77,77,77,buy,48,7812,374976
78,78,78,buy,24,20063,481512
79,79,79,buy,12,2257,27084
80,80,80,buy,6,3358,20148
81,81,81,buy,1,18967,18967
82,82,82,buy,2,18967,37934
83,83,83,buy,1,18967,18967
84,84,84,buy,1,18967,18967
85,85,85,buy,2,3358,6716
86,86,86,buy,17,2433,41361
87,87,87,buy,17,3358,57086
88,88,88,buy,18,3358,60444
89,89,89,buy,6,14256,85536
90,90,90,buy,6,21167,127002
91,91,91,buy,2,14256,28512
92,92,92,buy,8,13411,107288
93,93,93,buy,2,13411,26822
94,94,94,buy,12,8983,107796
95,95,95,buy,30,9500,285000
96,96,96,buy,6,2049,12294
97,97,97,buy,1,22031,22031
98,98,98,buy,1,22031,22031
99,99,99,buy,1,22031,22031
100,100,100,buy,2,15039,30078
101,101,101,buy,19,4859,92321
102,102,102,buy,16,4500,72000
103,103,103,buy,3,15308,45924
104,104,104,buy,2,30600,61200
105,105,105,buy,1,30600,30600
106,106,106,buy,17,1650,28050
107,107,107,buy,7,28050,196350
108,108,108,buy,10,12500,125000
109,109,109,buy,12,1716,20592
110,110,110,buy,4,20600,82400
111,111,111,buy,16,8666,138656
112,112,112,buy,24,6825,163800
113,113,113,buy,2,763,1526
114,114,114,buy,6,10550,63300
115,115,115,buy,6,15233,91398
116,116,116,buy,2,23150,46300
117,117,117,buy,6,10550,63300
118,118,118,buy,4,23150,92600
119,119,119,buy,1,11330,11330
120,120,120,buy,2,21230,42460
121,121,121,buy,6,16233,97398
122,122,122,buy,6,15233,91398
123,123,123,buy,6,15233,91398
124,124,124,buy,6,15233,91398
125,125,125,buy,6,15015,90090
126,126,126,buy,1,16183,16183
127,127,127,buy,2,29558,59116
128,128,128,buy,6,1575,9450
129,129,129,buy,20,440,8800
130,130,130,buy,3,8800,26400
131,131,131,buy,5,9167,45835
132,132,132,buy,60,9250,555000
133,133,133,buy,1,4500,4500
134,134,134,buy,12,4375,52500
135,135,135,buy,2,31038,62076
136,136,136,buy,1,20957,20957
137,137,137,buy,4,3292,13168
138,138,138,buy,24,6441,154584
139,139,139,buy,24,6441,154584
140,140,140,buy,10,393,3930
141,141,141,buy,7,4716,33012
142,142,142,buy,14,393,5502
143,143,143,buy,11,4716,51876
144,144,144,buy,48,10093,484464
145,145,145,buy,12,4158,49896
146,146,146,buy,12,4158,49896
147,147,147,buy,12,4158,49896
148,148,148,buy,12,4158,49896
149,149,149,buy,10,787,7870
150,150,150,buy,7,9450,66150
151,151,151,buy,10,375,3750
152,152,152,buy,7,4500,31500
153,153,153,buy,1,10120,10120
154,154,154,buy,1,10120,10120
155,155,155,buy,4,12400,49600
156,156,156,buy,2,12400,24800
157,157,157,buy,2,12400,24800
158,158,158,buy,2,12400,24800
159,159,159,buy,2,12400,24800
160,160,160,buy,4,12400,49600
161,161,161,buy,10,5500,55000
162,162,162,buy,10,5500,55000
163,163,163,buy,9,9700,87300
164,164,164,buy,6,8195,49170
165,165,165,buy,3,8195,24585
166,166,166,buy,1,11900,11900
167,167,167,buy,1,19599,19599
168,168,168,buy,48,4158,199584
169,169,169,buy,12,7508,90096
170,170,170,buy,12,12383,148596
171,171,171,buy,9,12100,108900
172,172,172,buy,12,8717,104604
173,173,173,buy,60,1633,97980
174,174,174,buy,40,4655,186200
175,175,175,buy,30,7980,239400
176,176,176,buy,40,4655,186200
177,177,177,buy,30,8313,249390
178,178,178,buy,20,825,16500
179,179,179,buy,4,16500,66000
180,180,180,buy,20,825,16500
181,181,181,buy,4,16500,66000
182,182,182,buy,24,418,10032
183,183,183,buy,11,10032,110352
184,184,184,buy,20,825,16500
185,185,185,buy,4,16500,66000
186,186,186,buy,60,1633,97980
187,187,187,buy,10,850,8500
188,188,188,buy,11,8500,93500
189,189,189,buy,1,18700,18700
190,190,190,buy,1,18700,18700
191,191,191,buy,10,1440,14400
192,192,192,buy,8,7200,57600
193,193,193,buy,10,1440,14400
194,194,194,buy,8,7200,57600
195,195,195,buy,24,762,18288
196,196,196,buy,4,18300,73200
197,197,197,buy,12,9300,111600
198,198,198,buy,12,1233,14796
199,199,199,buy,11,2883,31713
200,200,200,buy,12,5966,71592
201,201,201,buy,12,1233,14796
202,202,202,buy,13,2883,37479
203,203,203,buy,24,2566,61584
204,204,204,buy,12,12624,151488
205,205,205,buy,6,21002,126012
206,206,206,buy,12,12624,151488
207,207,207,buy,12,12624,151488
208,208,208,buy,6,21059,126354
209,209,209,buy,3,12624,37872
210,210,210,buy,6,22191,133146
211,211,211,buy,18,4187,75366
212,212,212,buy,24,770,18480
213,213,213,buy,4,18500,74000
214,214,214,buy,2,12000,24000
215,215,215,buy,1,14400,14400
216,216,216,buy,1,14400,14400
217,217,217,buy,2,12000,24000
218,218,218,buy,1,14400,14400
219,219,219,buy,8,28916,231328
220,220,220,buy,11,28916,318076
221,221,221,buy,12,14325,171900
222,222,222,buy,12,32301,387612
223,223,223,buy,10,28916,289160
224,224,224,buy,12,14097,169164
225,225,225,buy,4,28916,115664
226,226,226,buy,12,3166,37992
227,227,227,buy,18,7483,134694
228,228,228,buy,12,3166,37992
229,229,229,buy,12,3166,37992
230,230,230,buy,12,16082,192984
231,231,231,buy,10,15123,151230
232,232,232,buy,12,13183,158196
233,233,233,buy,12,16216,194592
234,234,234,buy,12,6033,72396
235,235,235,buy,24,3833,91992
236,236,236,buy,12,5050,60600
237,237,237,buy,12,5050,60600
238,238,238,buy,12,2716,32592
239,239,239,buy,55,850,46750
240,240,240,buy,8,17000,136000
241,241,241,buy,3,18897,56691
242,242,242,buy,3,44300,132900
243,243,243,buy,3,42933,128799
244,244,244,buy,3,44300,132900
245,245,245,buy,40,740,29600
246,246,246,buy,2,6145,12290
247,247,247,buy,1,19580,19580
248,248,248,buy,1,20680,20680
249,249,249,buy,1,13200,13200
250,250,250,buy,1,16700,16700
251,251,251,buy,1,16400,16400
252,252,252,buy,1,16400,16400
253,253,253,buy,1,16400,16400
254,254,254,buy,8,3500,28000
255,255,255,buy,6,12000,72000
256,256,256,buy,13,3500,45500
257,257,257,buy,12,3500,42000
258,258,258,buy,5,17800,89000
259,259,259,buy,1,17800,17800
260,260,260,buy,4,17800,71200
261,261,261,buy,3,17800,53400
262,262,262,buy,6,15150,90900
263,263,263,buy,6,15150,90900
264,264,264,buy,6,15150,90900
265,265,265,buy,6,16050,96300
266,266,266,buy,6,16050,96300
267,267,267,buy,6,16050,96300
268,268,268,buy,6,16050,96300
269,269,269,buy,12,6300,75600
270,270,270,buy,2,7150,14300
271,271,271,buy,2,7150,14300
272,272,272,buy,3,6500,19500
273,273,273,buy,3,11500,34500
274,274,274,buy,6,3550,21300
275,275,275,buy,3,6500,19500
276,276,276,buy,3,11500,34500
277,277,277,buy,6,3550,21300
278,278,278,buy,3,6500,19500
279,279,279,buy,3,11500,34500
280,280,280,buy,6,3550,21300
281,281,281,buy,6,6400,38400
282,282,282,buy,3,10700,32100
283,283,283,buy,5,6400,32000
284,284,284,buy,6,10700,64200
285,285,285,buy,6,9625,57750
286,286,286,buy,6,11200,67200
287,287,287,buy,2,17800,35600
288,288,288,buy,6,11200,67200
289,289,289,buy,12,16550,198600
290,290,290,buy,12,19517,234204
291,291,291,buy,12,17341,208092
292,292,292,buy,13,4620,60060
293,293,293,buy,12,17341,208092
294,294,294,buy,24,4275,102600
295,295,295,buy,12,17341,208092
296,296,296,buy,24,4275,102600
297,297,297,buy,12,17341,208092
298,298,298,buy,1,2250,2250
299,299,299,buy,48,13662,655776
300,300,300,buy,2,9020,18040
301,301,301,buy,1,9790,9790
302,302,302,buy,2,3410,6820
303,303,303,buy,2,9790,19580
304,304,304,buy,1,3410,3410
305,305,305,buy,2,8470,16940
306,306,306,buy,3,16885,50655
307,307,307,buy,3,8470,25410
308,308,308,buy,3,8470,25410
309,309,309,buy,4,11385,45540
310,310,310,buy,1,8470,8470
311,311,311,buy,12,5567,66804
312,312,312,buy,3,17050,51150
313,313,313,buy,2,17050,34100
314,314,314,buy,70,757,52990
315,315,315,buy,20,1600,32000
316,316,316,buy,14,1600,22400
317,317,317,buy,1,791,791
318,318,318,buy,4,802,3208
319,319,319,buy,4,9633,38532
320,320,320,buy,6,708,4248
321,321,321,buy,2,1600,3200
322,322,322,buy,20,5133,102660
323,323,323,buy,20,5133,102660
324,324,324,buy,5,37200,186000
325,325,325,buy,1,2767,2767
326,326,326,buy,20,2767,55340
327,327,327,buy,20,2767,55340
328,328,328,buy,20,5133,102660
329,329,329,buy,1,37200,37200
330,330,330,buy,4,37200,148800
331,331,331,buy,4,37200,148800
332,332,332,buy,1,44000,44000
333,333,333,buy,25,760,19000
334,334,334,buy,7,19000,133000
335,335,335,buy,50,6900,345000
336,336,336,buy,24,15916,381984
337,337,337,buy,24,392,9408
338,338,338,buy,5,9408,47040
339,339,339,buy,12,4208,50496
340,340,340,buy,12,4208,50496
341,341,341,buy,12,4208,50496
342,342,342,buy,12,4208,50496
343,343,343,buy,1,25220,25220
344,344,344,buy,1,18915,18915
345,345,345,buy,2,15035,30070
346,346,346,buy,2,19885,39770
347,347,347,buy,2,25220,50440
348,348,348,buy,1,25705,25705
349,349,349,buy,1,6305,6305
350,350,350,buy,1,5820,5820
351,351,351,buy,3,14550,43650
352,352,352,buy,2,23280,46560
353,353,353,buy,1,13580,13580
354,354,354,buy,12,19703,236436
355,355,355,buy,12,19703,236436
356,356,356,buy,12,19703,236436
357,357,357,buy,12,19703,236436
358,358,358,buy,12,19703,236436
359,359,359,buy,6,14717,88302
360,360,360,buy,1,22320,22320
361,361,361,buy,12,22320,267840
362,362,362,buy,3,20635,61905
363,363,363,buy,2,20635,41270
364,364,364,buy,12,18083,216996
365,365,365,buy,43,4500,193500
366,366,366,buy,8,8312,66496
367,367,367,buy,6,8300,49800
368,368,368,buy,6,8300,49800
369,369,369,buy,20,1650,33000
370,370,370,buy,10,7250,72500
371,371,371,buy,10,7250,72500
372,372,372,buy,20,1650,33000
373,373,373,buy,10,4480,44800
374,374,374,buy,3,7150,21450
375,375,375,buy,5,21160,105800
376,376,376,buy,12,4450,53400
377,377,377,buy,12,4125,49500
378,378,378,buy,45,1726,77670
379,379,379,buy,12,4450,53400
380,380,380,buy,30,1726,51780
381,381,381,buy,1,10000,10000
382,382,382,buy,1,10000,10000
383,383,383,buy,2,9599,19198
384,384,384,buy,12,3000,36000
385,385,385,buy,2,6500,13000
386,386,386,buy,3,6500,19500
387,387,387,buy,6,6700,40200
388,388,388,buy,6,6700,40200
389,389,389,buy,12,4467,53604
390,390,390,buy,5,6700,33500
391,391,391,buy,1,14750,14750
392,392,392,buy,1,12245,12245
393,393,393,buy,16,8125,130000
394,394,394,buy,8,16250,130000
395,395,395,buy,12,1625,19500
396,396,396,buy,10,16250,162500
397,397,397,buy,12,1625,19500
398,398,398,buy,10,16250,162500
399,399,399,buy,3,13600,40800
400,400,400,buy,3,14384,43152
401,401,401,buy,3,13600,40800
402,402,402,buy,3,13600,40800
403,403,403,buy,3,13600,40800
404,404,404,buy,3,14000,42000
405,405,405,buy,12,2471,29652
406,406,406,buy,12,2523,30276
407,407,407,buy,12,3330,39960
408,408,408,buy,24,3833,91992
409,409,409,buy,36,3833,137988
410,410,410,buy,2,8250,16500
411,411,411,buy,36,2375,85500
412,412,412,buy,19,3900,74100
413,413,413,buy,1,12500,12500
414,414,414,buy,4,9200,36800
415,415,415,buy,4,3000,12000
416,416,416,buy,29,2462,71398
417,417,417,buy,14,2462,34468
418,418,418,buy,26,2462,64012
419,419,419,buy,7,2500,17500
420,420,420,buy,2,2955,5910
421,421,421,buy,12,20833,249996
422,422,422,buy,6,5500,33000
423,423,423,buy,1,15830,15830
424,424,424,buy,6,5500,33000
425,425,425,buy,1,5500,5500
426,426,426,buy,9,5500,49500
427,427,427,buy,30,1733,51990
428,428,428,buy,20,3250,65000
429,429,429,buy,9,4000,36000
430,430,430,buy,11,4000,44000
431,431,431,buy,22,1200,26400
432,432,432,buy,20,7500,150000
433,433,433,buy,36,2533,91188
434,434,434,buy,36,2461,88596
435,435,435,buy,20,7500,150000
436,436,436,buy,48,10750,516000
437,437,437,buy,48,10750,516000
438,438,438,buy,24,3029,72696
439,439,439,buy,24,3029,72696
440,440,440,buy,24,3029,72696
441,441,441,buy,24,3029,72696
442,442,442,buy,24,406,9744
443,443,443,buy,5,9750,48750
444,444,444,buy,24,406,9744
445,445,445,buy,5,9750,48750
446,446,446,buy,4,10508,42032
447,447,447,buy,2,10714,21428
448,448,448,buy,40,833,33320
449,449,449,buy,3,63865,191595
450,450,450,buy,12,2997,35964
451,451,451,buy,3,23872,71616
452,452,452,buy,12,3617,43404
453,453,453,buy,12,3617,43404
454,454,454,buy,3,23872,71616
455,455,455,buy,13,15604,202852
456,456,456,buy,1,19751,19751
457,457,457,buy,3,26765,80295
458,458,458,buy,1,15780,15780
459,459,459,buy,60,1700,102000
460,460,460,buy,60,1700,102000
461,461,461,buy,5,8200,41000
462,462,462,buy,20,1690,33800
463,463,463,buy,5,8200,41000
464,464,464,buy,10,10110,101100
465,465,465,buy,10,3950,39500
466,466,466,buy,6,8166,48996
467,467,467,buy,12,4083,48996
468,468,468,buy,6,8166,48996
469,469,469,buy,10,4870,48700
470,470,470,buy,10,4870,48700
471,471,471,buy,12,4083,48996
472,472,472,buy,10,4870,48700
473,473,473,buy,6,8250,49500
474,474,474,buy,120,1641,196920
475,475,475,buy,6,8250,49500
476,476,476,buy,3,21900,65700
477,477,477,buy,3,21900,65700
478,478,478,buy,2,4348,8696
479,479,479,buy,7,15271,106897
480,480,480,buy,2,13169,26338
481,481,481,buy,3,15444,46332
482,482,482,buy,1,15444,15444
483,483,483,buy,5,8600,43000
484,484,484,buy,5,8600,43000
485,485,485,buy,12,8600,103200
486,486,486,buy,5,8600,43000
487,487,487,buy,5,8600,43000
488,488,488,buy,5,8600,43000
489,489,489,buy,12,1597,19164
490,490,490,buy,5,19164,95820
491,491,491,buy,40,1675,67000
492,492,492,buy,6,14650,87900
493,493,493,buy,12,2442,29304
494,494,494,buy,12,2442,29304
495,495,495,buy,12,14650,175800
496,496,496,buy,12,2075,24900
497,497,497,buy,12,2442,29304
498,498,498,buy,9,2075,18675
499,499,499,buy,24,2442,58608
500,500,500,buy,6,14650,87900
501,501,501,buy,24,2442,58608
502,502,502,buy,24,2442,58608
503,503,503,buy,1,30690,30690
504,504,504,buy,1,17000,17000
505,505,505,buy,1,17000,17000
506,506,506,buy,1,20240,20240
507,507,507,buy,10,3500,35000
508,508,508,buy,4,35000,140000
509,509,509,buy,10,3500,35000
510,510,510,buy,4,35000,140000
511,511,511,buy,6,14833,88998
512,512,512,buy,6,14833,88998
513,513,513,buy,6,13567,81402
514,514,514,buy,6,18650,111900
515,515,515,buy,16,4250,68000
516,516,516,buy,24,2400,57600
517,517,517,buy,24,4595,110280
518,518,518,buy,24,4595,110280
519,519,519,buy,2,2128,4256
520,520,520,buy,2,2128,4256
521,521,521,buy,6,2128,12768
522,522,522,buy,24,1068,25632
523,523,523,buy,13,10680,138840
524,524,524,buy,16,1068,17088
525,525,525,buy,17,10680,181560
526,526,526,buy,24,1068,25632
527,527,527,buy,13,10680,138840
528,528,528,buy,24,1068,25632
529,529,529,buy,13,10680,138840
530,530,530,buy,12,833,9996
531,531,531,buy,9,9996,89964
532,532,532,buy,2,70000,140000
533,533,533,buy,2,32315,64630
534,534,534,buy,40,1575,63000
535,535,535,buy,16,4250,68000
536,536,536,buy,15,12200,183000
537,537,537,buy,24,13291,318984
538,538,538,buy,20,12980,259600
539,539,539,buy,40,7225,289000
540,540,540,buy,2,8500,17000
541,541,541,buy,1,8414,8414
542,542,542,buy,2,4500,9000
543,543,543,buy,216,253,54648
544,544,544,buy,20,2500,50000
545,545,545,buy,20,2500,50000
546,546,546,buy,20,2500,50000
547,547,547,buy,3,5725,17175
548,548,548,buy,18,5416,97488
549,549,549,buy,2,29500,59000
550,550,550,buy,1,28750,28750
551,551,551,buy,11,12050,132550
552,552,552,buy,12,28750,345000
553,553,553,buy,12,11667,140004
554,554,554,buy,12,12050,144600
555,555,555,buy,1,10000,10000
556,556,556,buy,4,4000,16000
557,557,557,buy,24,3800,91200
558,558,558,buy,24,4525,108600
559,559,559,buy,12,8700,104400
560,560,560,buy,6,12933,77598
561,561,561,buy,12,11417,137004
562,562,562,buy,6,15317,91902
563,563,563,buy,6,26000,156000
564,564,564,buy,6,15317,91902
565,565,565,buy,6,26000,156000
566,566,566,buy,10,4200,42000
567,567,567,buy,1,20570,20570
568,568,568,buy,100,330,33000
569,569,569,buy,2,29920,59840
570,570,570,buy,3,16000,48000
571,571,571,buy,3,17300,51900
572,572,572,buy,1,16600,16600
573,573,573,buy,1,16600,16600
574,574,574,buy,1,16600,16600
575,575,575,buy,1,16600,16600
576,576,576,buy,1,16600,16600
577,577,577,buy,1,16600,16600
578,578,578,buy,3,15539,46617
579,579,579,buy,2,15600,31200
580,580,580,buy,2,15600,31200
581,581,581,buy,2,15600,31200
582,582,582,buy,2,15600,31200
583,583,583,buy,2,15600,31200
584,584,584,buy,2,15600,31200
585,585,585,buy,2,15400,30800
586,586,586,buy,2,15400,30800
587,587,587,buy,2,15400,30800
588,588,588,buy,2,15400,30800
589,589,589,buy,2,15400,30800
590,590,590,buy,2,15400,30800
591,591,591,buy,20,1174,23480
592,592,592,buy,40,11740,469600
593,593,593,buy,24,5500,132000
594,594,594,buy,22,7958,175076
595,595,595,buy,12,13267,159204
596,596,596,buy,25,6050,151250
597,597,597,buy,35,4783,167405
598,598,598,buy,50,1531,76550
599,599,599,buy,5,15317,76585
600,600,600,buy,40,1531,61240
601,601,601,buy,9,15317,137853
602,602,602,buy,24,4783,114792
603,603,603,buy,33,1531,50523
604,604,604,buy,3,15317,45951
605,605,605,buy,20,1533,30660
606,606,606,buy,4,15333,61332
607,607,607,buy,30,1531,45930
608,608,608,buy,3,15317,45951
609,609,609,buy,40,1531,61240
610,610,610,buy,9,15317,137853
611,611,611,buy,12,9692,116304
612,612,612,buy,12,5867,70404
613,613,613,buy,24,5500,132000
614,614,614,buy,12,9692,116304
615,615,615,buy,10,5500,55000
616,616,616,buy,4,5500,22000
617,617,617,buy,12,4200,50400
618,618,618,buy,40,2650,106000
619,619,619,buy,4,106000,424000
620,620,620,buy,40,2665,106600
621,621,621,buy,4,106600,426400
622,622,622,buy,40,2785,111400
623,623,623,buy,4,111400,445600
624,624,624,buy,40,2800,112000
625,625,625,buy,1,112000,112000
626,626,626,buy,40,2825,113000
627,627,627,buy,1,113000,113000
628,628,628,buy,40,2825,113000
629,629,629,buy,0,113000,0
630,630,630,buy,40,2775,111000
631,631,631,buy,1,111000,111000
632,632,632,buy,40,2797,111880
633,633,633,buy,0,111900,0
634,634,634,buy,40,2825,113000
635,635,635,buy,1,113000,113000
636,636,636,buy,40,2693,107720
637,637,637,buy,1,107700,107700
638,638,638,buy,40,2847,113880
639,639,639,buy,0,113900,0
640,640,640,buy,40,2775,111000
641,641,641,buy,1,111000,111000
642,642,642,buy,40,2650,106000
643,643,643,buy,4,106000,424000
644,644,644,buy,24,15028,360672
645,645,645,buy,48,10729,514992
646,646,646,buy,20,6800,136000
647,647,647,buy,48,10729,514992
648,648,648,buy,20,6800,136000
649,649,649,buy,5,8816,44080
650,650,650,buy,1,15750,15750
651,651,651,buy,3,15750,47250
652,652,652,buy,9,4750,42750
653,653,653,buy,9,4750,42750
654,654,654,buy,12,9983,119796
655,655,655,buy,12,9983,119796
656,656,656,buy,1,9284,9284
657,657,657,buy,2,10395,20790
658,658,658,buy,12,6383,76596
659,659,659,buy,12,1651,19812
660,660,660,buy,7,19812,138684
661,661,661,buy,10,1116,11160
662,662,662,buy,31,11166,346146
663,663,663,buy,21,4857,101997
664,664,664,buy,24,5075,121800
665,665,665,buy,8,5500,44000
666,666,666,buy,8,5500,44000
667,667,667,buy,1,5335,5335
668,668,668,buy,2,9680,19360
669,669,669,buy,6,13617,81702
670,670,670,buy,12,5350,64200
671,671,671,buy,2,9900,19800
672,672,672,buy,24,4433,106392
673,673,673,buy,5,10050,50250
674,674,674,buy,8,5500,44000
675,675,675,buy,1,10340,10340
676,676,676,buy,3,17325,51975
677,677,677,buy,1,7348,7348
678,678,678,buy,1,1265,1265
679,679,679,buy,1,10285,10285
680,680,680,buy,1,8239,8239
681,681,681,buy,13,748,9724
682,682,682,buy,4,9499,37996
683,683,683,buy,6,812,4872
684,684,684,buy,2,8470,16940
685,685,685,buy,22,950,20900
686,686,686,buy,36,812,29232
687,687,687,buy,3,10499,31497
688,688,688,buy,7,5200,36400
689,689,689,buy,3,5200,15600
690,690,690,buy,1,5313,5313
691,691,691,buy,2,12000,24000
692,692,692,buy,2,12000,24000
693,693,693,buy,2,12000,24000
694,694,694,buy,1,12000,12000
695,695,695,buy,9,4950,44550
696,696,696,buy,9,4583,41247
697,697,697,buy,44,230,10120
698,698,698,buy,3,4625,13875
699,699,699,buy,5,3166,15830
700,700,700,buy,1,3167,3167
701,701,701,buy,3,3167,9501
702,702,702,buy,1,3167,3167
703,703,703,buy,2,3167,6334
704,704,704,buy,6,3125,18750
705,705,705,buy,2,3166,6332
706,706,706,buy,6,4000,24000
707,707,707,buy,8,6450,51600
708,708,708,buy,13,6250,81250
709,709,709,buy,1,12500,12500
710,710,710,buy,20,2800,56000
711,711,711,buy,20,2800,56000
712,712,712,buy,24,3750,90000
713,713,713,buy,20,2800,56000
714,714,714,buy,20,2800,56000
715,715,715,buy,14,1383,19362
716,716,716,buy,26,1266,32916
717,717,717,buy,6,19059,114354
718,718,718,buy,6,21878,131268
719,719,719,buy,24,812,19488
720,720,720,buy,4,19500,78000
721,721,721,buy,24,5016,120384
722,722,722,buy,2,8300,16600
723,723,723,buy,8,8300,66400
724,724,724,buy,24,1683,40392
725,725,725,buy,24,5025,120600
726,726,726,buy,12,27150,325800
727,727,727,buy,48,4406,211488
728,728,728,buy,24,9275,222600
729,729,729,buy,8,6000,48000
730,730,730,buy,39,4100,159900
731,731,731,buy,12,7591,91092
732,732,732,buy,6,35980,215880
733,733,733,buy,2,35980,71960
734,734,734,buy,12,784,9408
735,735,735,buy,15,9416,141240
736,736,736,buy,1,10500,10500
737,737,737,buy,4,10500,42000
738,738,738,buy,7,15000,105000
739,739,739,buy,2,10000,20000
740,740,740,buy,1,15000,15000
741,741,741,buy,1,4500,4500
742,742,742,buy,48,2843,136464
743,743,743,buy,24,6083,145992
744,744,744,buy,24,5083,121992
745,745,745,buy,24,5083,121992
746,746,746,buy,24,5083,121992
747,747,747,buy,4,4290,17160
748,748,748,buy,5,8965,44825
749,749,749,buy,24,3625,87000
750,750,750,buy,12,4800,57600
751,751,751,buy,8,7683,61464
752,752,752,buy,33,1200,39600
753,753,753,buy,24,8330,199920
754,754,754,buy,28,5791,162148
755,755,755,buy,20,5300,106000
756,756,756,buy,0,106000,0
757,757,757,buy,40,5300,212000
758,758,758,buy,1,106000,106000
759,759,759,buy,8,3100,24800
760,760,760,buy,8,3100,24800
761,761,761,buy,8,3100,24800
762,762,762,buy,6,20617,123702
763,763,763,buy,12,13611,163332
764,764,764,buy,6,20617,123702
765,765,765,buy,0,3433,0
766,766,766,buy,2,3433,6866
767,767,767,buy,12,4183,50196
768,768,768,buy,12,13611,163332
769,769,769,buy,0,20617,0
770,770,770,buy,3,11500,34500
771,771,771,buy,24,3433,82392
772,772,772,buy,12,13600,163200
773,773,773,buy,6,20617,123702
774,774,774,buy,3,11500,34500
775,775,775,buy,24,3433,82392
776,776,776,buy,12,4183,50196
777,777,777,buy,26,4500,117000
778,778,778,buy,12,22553,270636
779,779,779,buy,12,22553,270636
780,780,780,buy,1,46000,46000
781,781,781,buy,4,6500,26000
782,782,782,buy,2,4400,8800
783,783,783,buy,12,1611,19332
784,784,784,buy,11,19332,212652
785,785,785,buy,3,9075,27225
786,786,786,buy,20,1060,21200
787,787,787,buy,30,10600,318000
788,788,788,buy,60,586,35160
789,789,789,buy,12,1092,13104
790,790,790,buy,6,10916,65496
791,791,791,buy,24,4858,116592
792,792,792,buy,24,4217,101208
793,793,793,buy,25,4217,105425
794,794,794,buy,12,20375,244500
795,795,795,buy,12,20375,244500
796,796,796,buy,24,4217,101208
797,797,797,buy,24,4217,101208
798,798,798,buy,2,3667,7334
799,799,799,buy,2,5586,11172
800,800,800,buy,2,10700,21400
801,801,801,buy,24,1566,37584
802,802,802,buy,12,8083,96996
803,803,803,buy,12,14083,168996
804,804,804,buy,12,13083,156996
805,805,805,buy,3,9500,28500
806,806,806,buy,4,5333,21332
807,807,807,buy,2,5333,10666
808,808,808,buy,18,1451,26118
809,809,809,buy,0,2060,0
810,810,810,buy,12,20600,247200
811,811,811,buy,12,18750,225000
812,812,812,buy,0,2060,0
813,813,813,buy,12,20600,247200
814,814,814,buy,12,17533,210396
815,815,815,buy,1,67293,67293
816,816,816,buy,1,67293,67293
817,817,817,buy,0,1508,0
818,818,818,buy,12,15080,180960
819,819,819,buy,12,18750,225000
820,820,820,buy,1,30450,30450
821,821,821,buy,2,47338,94676
822,822,822,buy,1,59000,59000
823,823,823,buy,0,2076,0
824,824,824,buy,12,20760,249120
825,825,825,buy,15,17250,258750
826,826,826,buy,3,16852,50556
827,827,827,buy,1,16918,16918
828,828,828,buy,1,14000,14000
829,829,829,buy,72,2916,209952
830,830,830,buy,72,2916,209952
831,831,831,buy,12,7042,84504
832,832,832,buy,12,3808,45696
833,833,833,buy,12,7042,84504
834,834,834,buy,19,4150,78850
835,835,835,buy,12,7042,84504
836,836,836,buy,12,4150,49800
837,837,837,buy,12,7042,84504
838,838,838,buy,12,4150,49800
839,839,839,buy,12,6425,77100
840,840,840,buy,14,3808,53312
841,841,841,buy,12,6425,77100
842,842,842,buy,15,3808,57120
843,843,843,buy,2,4150,8300
844,844,844,buy,48,3125,150000
845,845,845,buy,48,7250,348000
846,846,846,buy,60,4316,258960
847,847,847,buy,48,3125,150000
848,848,848,buy,48,7250,348000
849,849,849,buy,60,4316,258960
850,850,850,buy,3,1829,5487
851,851,851,buy,4,1829,7316
852,852,852,buy,12,1829,21948
853,853,853,buy,6,16183,97098
854,854,854,buy,6,16183,97098
855,855,855,buy,42,2214,92988
856,856,856,buy,42,2214,92988
857,857,857,buy,28,2214,61992
858,858,858,buy,5,10200,51000
859,859,859,buy,6,14633,87798
860,860,860,buy,10,10100,101000
861,861,861,buy,4,16333,65332
862,862,862,buy,5,16087,80435
863,863,863,buy,1,40755,40755
864,864,864,buy,8,15283,122264
865,865,865,buy,12,12800,153600
866,866,866,buy,40,2512,100480
867,867,867,buy,4,100500,402000
868,868,868,buy,40,2637,105480
869,869,869,buy,2,105500,211000
870,870,870,buy,40,2650,106000
871,871,871,buy,1,106000,106000
872,872,872,buy,40,2500,100000
873,873,873,buy,4,100000,400000
874,874,874,buy,20,3975,79500
875,875,875,buy,40,2695,107800
876,876,876,buy,0,107800,0
877,877,877,buy,40,2530,101200
878,878,878,buy,0,101200,0
879,879,879,buy,40,2515,100600
880,880,880,buy,1,100600,100600
881,881,881,buy,12,12616,151392
882,882,882,buy,12,12500,150000
883,883,883,buy,12,12500,150000
884,884,884,buy,1,16000,16000
885,885,885,buy,2,16000,32000
886,886,886,buy,24,2441,58584
887,887,887,buy,24,2441,58584
888,888,888,buy,4,5000,20000
889,889,889,buy,4,5000,20000
890,890,890,buy,1,7087,7087
891,891,891,buy,2,21000,42000
892,892,892,buy,2,21000,42000
893,893,893,buy,4,5000,20000
894,894,894,buy,24,2600,62400
895,895,895,buy,24,2600,62400
896,896,896,buy,2,14459,28918
897,897,897,buy,1,14459,14459
898,898,898,buy,2,7537,15074
899,899,899,buy,36,2416,86976
900,900,900,buy,21,1458,30618
901,901,901,buy,6,6442,38652
902,902,902,buy,6,6442,38652
903,903,903,buy,6,6442,38652
904,904,904,buy,12,5375,64500
905,905,905,buy,12,5375,64500
906,906,906,buy,1,7000,7000
907,907,907,buy,1,18250,18250
908,908,908,buy,3,18250,54750
909,909,909,buy,1,8519,8519
910,910,910,buy,1,12800,12800
911,911,911,buy,1,12800,12800
912,912,912,buy,12,3041,36492
913,913,913,buy,9,4500,40500
914,914,914,buy,9,6255,56295
915,915,915,buy,24,7829,187896
916,916,916,buy,24,7829,187896
917,917,917,buy,24,7829,187896
918,918,918,buy,24,7829,187896
919,919,919,buy,6,1610,9660
920,920,920,buy,2,54100,108200
921,921,921,buy,31,4800,148800
922,922,922,buy,1,16500,16500
923,923,923,buy,7,4500,31500
924,924,924,buy,2,23450,46900
925,925,925,buy,20,412,8240
926,926,926,buy,11,8240,90640
927,927,927,buy,10,412,4120
928,928,928,buy,0,8240,0
929,929,929,buy,40,2475,99000
930,930,930,buy,40,2475,99000
931,931,931,buy,20,16000,320000
932,932,932,buy,24,9041,216984
933,933,933,buy,16,9000,144000
934,934,934,buy,14,9000,126000
935,935,935,buy,60,3600,216000
936,936,936,buy,45,2166,97470
937,937,937,buy,2,12500,25000
938,938,938,buy,2,12500,25000
939,939,939,buy,2,12500,25000
940,940,940,buy,2,12500,25000
941,941,941,buy,2,12500,25000
942,942,942,buy,2,12500,25000
943,943,943,buy,2,12500,25000
944,944,944,buy,48,1035,49680
945,945,945,buy,48,1035,49680
946,946,946,buy,50,1549,77450
947,947,947,buy,50,1594,79700
948,948,948,buy,1,5500,5500
949,949,949,buy,3,5500,16500
950,950,950,buy,3,5500,16500
951,951,951,buy,12,15600,187200
952,952,952,buy,6,5950,35700
953,953,953,buy,6,3000,18000
954,954,954,buy,1,5950,5950
955,955,955,buy,6,3000,18000
956,956,956,buy,3,5950,17850
957,957,957,buy,6,3000,18000
958,958,958,buy,20,800,16000
959,959,959,buy,5,16000,80000
960,960,960,buy,12,822,9864
961,961,961,buy,4,9864,39456
962,962,962,buy,20,412,8240
963,963,963,buy,5,8240,41200
964,964,964,buy,40,1675,67000
965,965,965,buy,60,841,50460
966,966,966,buy,40,1675,67000
967,967,967,buy,40,414,16560
968,968,968,buy,11,8280,91080
969,969,969,buy,20,414,8280
970,970,970,buy,11,8280,91080
971,971,971,buy,12,822,9864
972,972,972,buy,6,9864,59184
973,973,973,buy,3,4416,13248
974,974,974,buy,40,1650,66000
975,975,975,buy,30,1591,47730
976,976,976,buy,30,1591,47730
977,977,977,buy,5,4416,22080
978,978,978,buy,40,1650,66000
979,979,979,buy,60,1591,95460
980,980,980,buy,24,4416,105984
981,981,981,buy,40,1650,66000
982,982,982,buy,60,1591,95460
983,983,983,buy,20,412,8240
984,984,984,buy,11,8240,90640
985,985,985,buy,50,1860,93000
986,986,986,buy,50,1860,93000
987,987,987,buy,12,10980,131760
988,988,988,buy,6,21780,130680
989,989,989,buy,12,12780,153360
990,990,990,buy,6,25650,153900
991,991,991,buy,24,8504,204096
992,992,992,buy,24,8250,198000
993,993,993,buy,12,8290,99480
994,994,994,buy,9,5500,49500
995,995,995,buy,1,6000,6000
996,996,996,buy,12,9275,111300
997,997,997,buy,24,3117,74808
998,998,998,buy,1,17500,17500
999,999,999,buy,1,14000,14000
1000,1000,1000,buy,1,17000,17000
1001,1001,1001,buy,2,21000,42000
1002,1002,1002,buy,2,5800,11600
1003,1003,1003,buy,63,9666,608958
1004,1004,1004,buy,36,5916,212976
1005,1005,1005,buy,30,6833,204990
1006,1006,1006,buy,30,9523,285690
1007,1007,1007,buy,2,6250,12500
1008,1008,1008,buy,16,6200,99200
1009,1009,1009,buy,20,9766,195320
1010,1010,1010,buy,20,9766,195320
1011,1011,1011,buy,35,8500,297500
1012,1012,1012,buy,40,1180,47200
1013,1013,1013,buy,16,11800,188800
1014,1014,1014,buy,2,10267,20534
1015,1015,1015,buy,12,14080,168960
1016,1016,1016,buy,4,10267,41068
1017,1017,1017,buy,5,18533,92665
1018,1018,1018,buy,7,18533,129731
1019,1019,1019,buy,12,14800,177600
1020,1020,1020,buy,6,18533,111198
1021,1021,1021,buy,24,2733,65592
1022,1022,1022,buy,24,4908,117792
1023,1023,1023,buy,1,20519,20519
1024,1024,1024,buy,12,5791,69492
1025,1025,1025,buy,12,8583,102996
1026,1026,1026,buy,24,5366,128784
1027,1027,1027,buy,24,5366,128784
1028,1028,1028,buy,12,7450,89400
1029,1029,1029,buy,36,1853,66708
1030,1030,1030,buy,36,1835,66060
1031,1031,1031,buy,12,7117,85404
1032,1032,1032,buy,12,7750,93000
1033,1033,1033,buy,11,7217,79387
1034,1034,1034,buy,20,1023,20460
1035,1035,1035,buy,60,1023,61380
1036,1036,1036,buy,10,1023,10230
1037,1037,1037,buy,30,1023,30690
1038,1038,1038,buy,30,1023,30690
1039,1039,1039,buy,10,1023,10230
1040,1040,1040,buy,14,2318,32452
1041,1041,1041,buy,6,14650,87900
1042,1042,1042,buy,8,2075,16600
1043,1043,1043,buy,14,2318,32452
1044,1044,1044,buy,6,14650,87900
1045,1045,1045,buy,12,2075,24900
1046,1046,1046,buy,14,2318,32452
1047,1047,1047,buy,15,2318,34770
1048,1048,1048,buy,6,14650,87900
1049,1049,1049,buy,9,2075,18675
1050,1050,1050,buy,12,2318,27816
1051,1051,1051,buy,72,1666,119952
1052,1052,1052,buy,12,8750,105000
1053,1053,1053,buy,6,8750,52500
1054,1054,1054,buy,10,11000,110000
1055,1055,1055,buy,12,8013,96156
1056,1056,1056,buy,12,8013,96156
1057,1057,1057,buy,24,783,18792
1058,1058,1058,buy,5,18800,94000
1059,1059,1059,buy,24,783,18792
1060,1060,1060,buy,2,18800,37600
1061,1061,1061,buy,24,783,18792
1062,1062,1062,buy,3,18800,56400
1063,1063,1063,buy,24,783,18792
1064,1064,1064,buy,4,18800,75200
1065,1065,1065,buy,24,783,18792
1066,1066,1066,buy,1,18800,18800
1067,1067,1067,buy,2,64100,128200
1068,1068,1068,buy,24,2558,61392
1069,1069,1069,buy,4,6458,25832
1070,1070,1070,buy,12,4083,48996
1071,1071,1071,buy,6,6458,38748
1072,1072,1072,buy,13,6458,83954
1073,1073,1073,buy,12,1722,20664
1074,1074,1074,buy,5,20664,103320
1075,1075,1075,buy,12,1722,20664
1076,1076,1076,buy,3,20664,61992
1077,1077,1077,buy,12,1722,20664
1078,1078,1078,buy,5,20664,103320
1079,1079,1079,buy,12,1722,20664
1080,1080,1080,buy,1,20664,20664
1081,1081,1081,buy,7,6458,45206
1082,1082,1082,buy,12,4083,48996
1083,1083,1083,buy,6,6250,37500
1084,1084,1084,buy,12,1701,20412
1085,1085,1085,buy,11,20412,224532
1086,1086,1086,buy,13,6458,83954
1087,1087,1087,buy,1,13600,13600
1088,1088,1088,buy,2,11880,23760
1089,1089,1089,buy,2,9900,19800
1090,1090,1090,buy,3,60067,180201
1091,1091,1091,buy,3,58833,176499
1092,1092,1092,buy,3,62967,188901
1093,1093,1093,buy,3,43900,131700
1094,1094,1094,buy,3,43900,131700
1095,1095,1095,buy,3,43667,131001
1096,1096,1096,buy,24,5958,142992
1097,1097,1097,buy,90,5750,517500
1098,1098,1098,buy,12,24350,292200
1099,1099,1099,buy,12,12633,151596
1100,1100,1100,buy,2,24350,48700
1101,1101,1101,buy,1,24350,24350
1102,1102,1102,buy,3,24350,73050
1103,1103,1103,buy,12,24350,292200
1104,1104,1104,buy,12,12633,151596
1105,1105,1105,buy,4,20585,82340
1106,1106,1106,buy,12,10717,128604
1107,1107,1107,buy,3,5333,15999
1108,1108,1108,buy,12,9166,109992
1109,1109,1109,buy,12,9417,113004
1110,1110,1110,buy,12,4683,56196
1111,1111,1111,buy,3,4560,13680
1112,1112,1112,buy,1,20900,20900
1113,1113,1113,buy,12,18200,218400
1114,1114,1114,buy,12,17766,213192
1115,1115,1115,buy,12,7550,90600
1116,1116,1116,buy,12,20325,243900
1117,1117,1117,buy,12,8550,102600
1118,1118,1118,buy,12,6825,81900
1119,1119,1119,buy,24,11466,275184
1120,1120,1120,buy,12,1516,18192
1121,1121,1121,buy,27,4240,114480
1122,1122,1122,buy,10,30085,300850
1123,1123,1123,buy,12,30085,361020
1124,1124,1124,buy,6,30085,180510
1125,1125,1125,buy,12,12633,151596
1126,1126,1126,buy,2,35000,70000
1127,1127,1127,buy,2,35572,71144
1128,1128,1128,buy,3,54315,162945
1129,1129,1129,buy,1,50872,50872
1130,1130,1130,buy,2,27157,54314
1131,1131,1131,buy,3,36720,110160
1132,1132,1132,buy,1,69615,69615
1133,1133,1133,buy,2,42525,85050
1134,1134,1134,buy,3,52245,156735
1135,1135,1135,buy,1,56700,56700
1136,1136,1136,buy,3,87480,262440
1137,1137,1137,buy,2,28755,57510
1138,1138,1138,buy,2,33615,67230
1139,1139,1139,buy,1,29070,29070
1140,1140,1140,buy,3,32100,96300
1141,1141,1141,buy,3,45000,135000
1142,1142,1142,buy,1,53550,53550
1143,1143,1143,buy,3,42800,128400
1144,1144,1144,buy,40,1675,67000
1145,1145,1145,buy,40,1675,67000
1146,1146,1146,buy,40,1675,67000
1147,1147,1147,buy,10,5400,54000
1148,1148,1148,buy,180,850,153000
1149,1149,1149,buy,5,1750,8750
1150,1150,1150,buy,6,16167,97002
1151,1151,1151,buy,6,16167,97002
1152,1152,1152,buy,1,15031,15031
1153,1153,1153,buy,2,15031,30062
1154,1154,1154,buy,1,15031,15031
1155,1155,1155,buy,24,5200,124800
1156,1156,1156,buy,24,5125,123000
1157,1157,1157,buy,2,10230,20460
1158,1158,1158,buy,4,23430,93720
1159,1159,1159,buy,12,4816,57792
1160,1160,1160,buy,0,57800,0
1161,1161,1161,buy,12,4816,57792
1162,1162,1162,buy,0,57800,0
1163,1163,1163,buy,24,2854,68496
1164,1164,1164,buy,0,68500,0
1165,1165,1165,buy,24,2854,68496
1166,1166,1166,buy,0,68500,0
1167,1167,1167,buy,48,4104,196992
1168,1168,1168,buy,0,98500,0
1169,1169,1169,buy,48,4104,196992
1170,1170,1170,buy,0,98500,0
1171,1171,1171,buy,20,800,16000
1172,1172,1172,buy,30,800,24000
1173,1173,1173,buy,100,790,79000
1174,1174,1174,buy,4,12600,50400
1175,1175,1175,buy,1,10000,10000
1176,1176,1176,buy,5,12271,61355
1177,1177,1177,buy,2,47831,95662
1178,1178,1178,buy,2,45534,91068
1179,1179,1179,buy,1,22682,22682
1180,1180,1180,buy,1,48280,48280
1181,1181,1181,buy,2,94791,189582
1182,1182,1182,buy,2,24921,49842
1183,1183,1183,buy,3,48280,144840
1184,1184,1184,buy,12,6944,83328
1185,1185,1185,buy,2,15115,30230
1186,1186,1186,buy,4,11606,46424
1187,1187,1187,buy,1,28351,28351
1188,1188,1188,buy,12,3883,46596
1189,1189,1189,buy,12,3883,46596
1190,1190,1190,buy,1,8360,8360
1191,1191,1191,buy,27,3850,103950
1192,1192,1192,buy,1,28160,28160
1193,1193,1193,buy,1,28160,28160
1194,1194,1194,buy,1,7568,7568
1195,1195,1195,buy,1,13024,13024
1196,1196,1196,buy,1,13024,13024
1197,1197,1197,buy,2,14256,28512
1198,1198,1198,buy,1,14256,14256
1199,1199,1199,buy,1,14256,14256
1200,1200,1200,buy,2,7920,15840
1201,1201,1201,buy,1,9020,9020
1202,1202,1202,buy,4,8600,34400
1203,1203,1203,buy,2,3840,7680
1204,1204,1204,buy,5,3760,18800
1205,1205,1205,buy,1,3760,3760
1206,1206,1206,buy,2,5104,10208
1207,1207,1207,buy,1,9240,9240
1208,1208,1208,buy,1,5104,5104
1209,1209,1209,buy,20,900,18000
1210,1210,1210,buy,1,18000,18000
1211,1211,1211,buy,20,900,18000
1212,1212,1212,buy,1,18000,18000
1213,1213,1213,buy,60,3290,197400
1214,1214,1214,buy,6,4000,24000
1215,1215,1215,buy,1,4000,4000
1216,1216,1216,buy,2,23000,46000
1217,1217,1217,buy,10,4933,49330
1218,1218,1218,buy,6,7367,44202
1219,1219,1219,buy,2,4933,9866
1220,1220,1220,buy,6,7367,44202
1221,1221,1221,buy,40,8375,335000
1222,1222,1222,buy,60,8375,502500
1223,1223,1223,buy,40,2325,93000
1224,1224,1224,buy,2,900,1800
1225,1225,1225,buy,10,900,9000
1226,1226,1226,buy,2,20100,40200
1227,1227,1227,buy,2,20100,40200
1228,1228,1228,buy,2,20100,40200
1229,1229,1229,buy,2,20100,40200
1230,1230,1230,buy,5,17713,88565
1231,1231,1231,buy,12,9833,117996
1232,1232,1232,buy,1,25000,25000
1233,1233,1233,buy,2,25000,50000
1234,1234,1234,buy,1,25000,25000
1235,1235,1235,buy,12,11092,133104
1236,1236,1236,buy,32,4916,157312
1237,1237,1237,buy,8,4916,39328
1238,1238,1238,buy,8,4916,39328
1239,1239,1239,buy,2,28000,56000
1240,1240,1240,buy,1,17000,17000
1241,1241,1241,buy,1,18500,18500
1242,1242,1242,buy,1,15550,15550
1243,1243,1243,buy,1,12000,12000
1244,1244,1244,buy,2,16000,32000
1245,1245,1245,buy,10,5000,50000
1246,1246,1246,buy,3,10500,31500
1247,1247,1247,buy,2,20000,40000
1248,1248,1248,buy,1,20000,20000
1249,1249,1249,buy,3,12500,37500
1250,1250,1250,buy,3,12000,36000
1251,1251,1251,buy,1,6000,6000
1252,1252,1252,buy,1,18100,18100
1253,1253,1253,buy,1,7849,7849
1254,1254,1254,buy,2,7849,15698
1255,1255,1255,buy,6,27300,163800
1256,1256,1256,buy,12,13406,160872
1257,1257,1257,buy,2,2000,4000
1258,1258,1258,buy,9,16567,149103
1259,1259,1259,buy,6,16567,99402
1260,1260,1260,buy,3,16567,49701
1261,1261,1261,buy,12,18717,224604
1262,1262,1262,buy,6,16567,99402
1263,1263,1263,buy,2,2000,4000
1264,1264,1264,buy,2,25200,50400
1265,1265,1265,buy,12,8583,102996
1266,1266,1266,buy,12,24200,290400
1267,1267,1267,buy,12,8583,102996
1268,1268,1268,buy,12,8583,102996
1269,1269,1269,buy,10,1730,17300
1270,1270,1270,buy,4,17300,69200
1271,1271,1271,buy,10,1730,17300
1272,1272,1272,buy,4,17300,69200
1273,1273,1273,buy,21,7800,163800
1274,1274,1274,buy,28,7500,210000
1275,1275,1275,buy,12,1708,20496
1276,1276,1276,buy,5,20500,102500
1277,1277,1277,buy,18,5300,95400
1278,1278,1278,buy,18,5666,101988
1279,1279,1279,buy,18,4800,86400
1280,1280,1280,buy,13,1716,22308
1281,1281,1281,buy,2,20600,41200
1282,1282,1282,buy,12,1716,20592
1283,1283,1283,buy,2,20600,41200
1284,1284,1284,buy,14,6142,85988
1285,1285,1285,buy,14,6142,85988
1286,1286,1286,buy,8,6166,49328
1287,1287,1287,buy,7,20700,144900
1288,1288,1288,buy,18,6166,110988
1289,1289,1289,buy,24,1725,41400
1290,1290,1290,buy,60,1733,103980
1291,1291,1291,buy,40,8950,358000
1292,1292,1292,buy,40,5550,222000
1293,1293,1293,buy,9,4500,40500
1294,1294,1294,buy,1,16389,16389
1295,1295,1295,buy,3,16389,49167
1296,1296,1296,buy,2,16389,32778
1297,1297,1297,buy,24,7875,189000
1298,1298,1298,buy,48,4354,208992
1299,1299,1299,buy,24,7875,189000
1300,1300,1300,buy,48,4354,208992
1301,1301,1301,buy,36,4305,154980
1302,1302,1302,buy,13,4267,55471
1303,1303,1303,buy,13,4792,62296
1304,1304,1304,buy,13,4792,62296
1305,1305,1305,buy,120,1998,239760
1306,1306,1306,buy,3,1600,4800
1307,1307,1307,buy,18,5974,107532
1308,1308,1308,buy,12,20833,249996
1309,1309,1309,buy,6,41666,249996
1310,1310,1310,buy,12,5125,61500
1311,1311,1311,buy,14,5125,71750
1312,1312,1312,buy,6,5125,30750
1313,1313,1313,buy,12,9217,110604
1314,1314,1314,buy,30,2088,62640
1315,1315,1315,buy,9,20880,187920
1316,1316,1316,buy,12,9217,110604
1317,1317,1317,buy,3,32300,96900
1318,1318,1318,buy,6,11200,67200
1319,1319,1319,buy,1,8240,8240
1320,1320,1320,buy,2,8500,17000
1321,1321,1321,buy,1,17600,17600
1322,1322,1322,buy,6,15500,93000
1323,1323,1323,buy,3,27000,81000
1324,1324,1324,buy,24,3350,80400
1325,1325,1325,buy,0,80400,0
1326,1326,1326,buy,72,4750,342000
1327,1327,1327,buy,48,4562,218976
1328,1328,1328,buy,30,4450,133500
1329,1329,1329,buy,220,882,194040
1330,1330,1330,buy,48,10937,524976
1331,1331,1331,buy,159,1666,264894
1332,1332,1332,buy,17,2499,42483
1333,1333,1333,buy,1,4410,4410
1334,1334,1334,buy,1,1500,1500
1335,1335,1335,buy,1,5500,5500
1336,1336,1336,buy,4,2100,8400
1337,1337,1337,buy,5,2100,10500
1338,1338,1338,buy,12,2125,25500
1339,1339,1339,buy,12,2125,25500
1340,1340,1340,buy,12,2125,25500
1341,1341,1341,buy,1,2604,2604
1342,1342,1342,buy,2,2604,5208
1343,1343,1343,buy,3,3211,9633
1344,1344,1344,buy,24,15000,360000
1345,1345,1345,buy,25,7950,198750
1346,1346,1346,buy,12,18150,217800
1347,1347,1347,buy,24,6500,156000
1348,1348,1348,buy,12,11025,132300
1349,1349,1349,buy,6,33166,198996
1350,1350,1350,buy,24,16583,397992
1351,1351,1351,buy,12,6833,81996
1352,1352,1352,buy,12,11750,141000
1353,1353,1353,buy,2,5595,11190
1354,1354,1354,buy,3,8260,24780
1355,1355,1355,buy,9,1340,12060
1356,1356,1356,buy,24,1083,25992
1357,1357,1357,buy,2,11425,22850
1358,1358,1358,buy,1,50000,50000
1359,1359,1359,buy,7,9520,66640
1360,1360,1360,buy,2,15708,31416
1361,1361,1361,buy,24,3383,81192
1362,1362,1362,buy,2,28220,56440
1363,1363,1363,buy,12,29800,357600
1364,1364,1364,buy,14,32366,453124
1365,1365,1365,buy,13,29800,387400
1366,1366,1366,buy,1,4400,4400
1367,1367,1367,buy,1,17650,17650
1368,1368,1368,buy,12,3983,47796
1369,1369,1369,buy,1,16000,16000
1370,1370,1370,buy,5,3983,19915
1371,1371,1371,buy,15,3983,59745
1372,1372,1372,buy,10,3983,39830
1373,1373,1373,buy,42,9300,390600
1374,1374,1374,buy,10,1291,12910
1375,1375,1375,buy,11,12916,142076
1376,1376,1376,buy,3,1624,4872
1377,1377,1377,buy,3,1624,4872
1378,1378,1378,buy,52,3900,202800
1379,1379,1379,buy,3,13000,39000
1380,1380,1380,buy,12,4875,58500
1381,1381,1381,buy,12,4875,58500
1382,1382,1382,buy,10,1500,15000
1383,1383,1383,buy,5,15000,75000
1384,1384,1384,buy,10,1500,15000
1385,1385,1385,buy,5,15000,75000
1386,1386,1386,buy,2,22932,45864
1387,1387,1387,buy,2,22932,45864
1388,1388,1388,buy,2,22932,45864
1389,1389,1389,buy,2,20790,41580
1390,1390,1390,buy,2,20790,41580
1391,1391,1391,buy,1,20790,20790
1392,1392,1392,buy,12,3542,42504
1393,1393,1393,buy,12,4775,57300
1394,1394,1394,buy,12,4150,49800
1395,1395,1395,buy,12,5300,63600
1396,1396,1396,buy,12,8083,96996
1397,1397,1397,buy,12,13475,161700
1398,1398,1398,buy,6,6917,41502
1399,1399,1399,buy,6,6917,41502
1400,1400,1400,buy,6,6917,41502
1401,1401,1401,buy,12,7725,92700
1402,1402,1402,buy,12,7725,92700
1403,1403,1403,buy,4,10920,43680
1404,1404,1404,buy,1,10920,10920
1405,1405,1405,buy,1,10920,10920
1406,1406,1406,buy,1,10670,10670
1407,1407,1407,buy,1,10670,10670
1408,1408,1408,buy,8,390,3120
1409,1409,1409,buy,24,4275,102600
1410,1410,1410,buy,24,4275,102600
1411,1411,1411,buy,12,23900,286800
1412,1412,1412,buy,24,4275,102600
1413,1413,1413,buy,12,23900,286800
1414,1414,1414,buy,36,3833,137988
1415,1415,1415,buy,12,9750,117000
1416,1416,1416,buy,12,9750,117000
1417,1417,1417,buy,12,9750,117000
1418,1418,1418,buy,24,3280,78720
1419,1419,1419,buy,1,78700,78700
1420,1420,1420,buy,24,3315,79560
1421,1421,1421,buy,0,79500,0
1422,1422,1422,buy,4,8463,33852
1423,1423,1423,buy,4,8310,33240
1424,1424,1424,buy,1,8310,8310
1425,1425,1425,buy,1,11000,11000
1426,1426,1426,buy,1,8500,8500
1427,1427,1427,buy,1,1249,1249
1428,1428,1428,buy,1,1249,1249
1429,1429,1429,buy,35,2700,94500
1430,1430,1430,buy,4,802,3208
1431,1431,1431,buy,123,1602,197046
1432,1432,1432,buy,24,4583,109992
1433,1433,1433,buy,12,8416,100992
1434,1434,1434,buy,12,17416,208992
1435,1435,1435,buy,6,25926,155556
1436,1436,1436,buy,8,25926,207408
1437,1437,1437,buy,12,12000,144000
1438,1438,1438,buy,18,22450,404100
1439,1439,1439,buy,12,22450,269400
1440,1440,1440,buy,12,12000,144000
1441,1441,1441,buy,40,1650,66000
1442,1442,1442,buy,40,2575,103000
1443,1443,1443,buy,12,8575,102900
1444,1444,1444,buy,40,2550,102000
1445,1445,1445,buy,40,2550,102000
1446,1446,1446,buy,40,2557,102280
1447,1447,1447,buy,40,2647,105880
1448,1448,1448,buy,0,105900,0
1449,1449,1449,buy,12,1656,19872
1450,1450,1450,buy,7,19872,139104
1451,1451,1451,buy,24,854,20496
1452,1452,1452,buy,11,10248,112728
1453,1453,1453,buy,12,4000,48000
1454,1454,1454,buy,1,2883,2883
1455,1455,1455,buy,1,3354,3354
1456,1456,1456,buy,4,3068,12272
1457,1457,1457,buy,10,3068,30680
1458,1458,1458,buy,3,3068,9204
1459,1459,1459,buy,12,9933,119196
1460,1460,1460,buy,12,9933,119196
1461,1461,1461,buy,12,8883,106596
1462,1462,1462,buy,12,12433,149196
1463,1463,1463,buy,4,11533,46132
1464,1464,1464,buy,12,16517,198204
1465,1465,1465,buy,8,11533,92264
1466,1466,1466,buy,12,16517,198204
1467,1467,1467,buy,12,15025,180300
1468,1468,1468,buy,12,16517,198204
1469,1469,1469,buy,24,3220,77280
1470,1470,1470,buy,120,1987,238440
1471,1471,1471,buy,3,17000,51000
1472,1472,1472,buy,30,1700,51000
1473,1473,1473,buy,20,425,8500
1474,1474,1474,buy,4,8500,34000
1475,1475,1475,buy,2,17000,34000
1476,1476,1476,buy,20,1700,34000
1477,1477,1477,buy,20,427,8540
1478,1478,1478,buy,9,8540,76860
1479,1479,1479,buy,24,1970,47280
1480,1480,1480,buy,24,3029,72696
1481,1481,1481,buy,7,6800,47600
1482,1482,1482,buy,6,6250,37500
1483,1483,1483,buy,5,4500,22500
1484,1484,1484,buy,1,6250,6250
1485,1485,1485,buy,8,4750,38000
1486,1486,1486,buy,4,4700,18800
1487,1487,1487,buy,6,6000,36000
1488,1488,1488,buy,24,750,18000
1489,1489,1489,buy,4,18000,72000
1490,1490,1490,buy,24,762,18288
1491,1491,1491,buy,4,18300,73200
1492,1492,1492,buy,48,1733,83184
1493,1493,1493,buy,24,2858,68592
1494,1494,1494,buy,20,5200,104000
1495,1495,1495,buy,20,2600,52000
1496,1496,1496,buy,8,26000,208000
1497,1497,1497,buy,24,2291,54984
1498,1498,1498,buy,50,5400,270000
1499,1499,1499,buy,1,9400,9400
1500,1500,1500,buy,2,16600,33200
1501,1501,1501,buy,48,11581,555888
1502,1502,1502,buy,12,833,9996
1503,1503,1503,buy,9,9996,89964
1504,1504,1504,buy,120,8310,997200
1505,1505,1505,buy,30,3725,111750
1506,1506,1506,buy,24,3075,73800
1507,1507,1507,buy,24,3075,73800
1508,1508,1508,buy,10,1175,11750
1509,1509,1509,buy,7,11750,82250
1510,1510,1510,buy,24,758,18192
1511,1511,1511,buy,4,18200,72800
1512,1512,1512,buy,6,30969,185814
1513,1513,1513,buy,6,30969,185814
1514,1514,1514,buy,5,30969,154845
1515,1515,1515,buy,12,8416,100992
1516,1516,1516,buy,2,5357,10714
1517,1517,1517,buy,7,5357,37499
1518,1518,1518,buy,30,1750,52500
1519,1519,1519,buy,24,7804,187296
1520,1520,1520,buy,40,2575,103000
1521,1521,1521,buy,24,4075,97800
1522,1522,1522,buy,40,2575,103000
1523,1523,1523,buy,24,4075,97800
1524,1524,1524,buy,40,2575,103000
1525,1525,1525,buy,40,2575,103000
1526,1526,1526,buy,40,2575,103000
1527,1527,1527,buy,24,4425,106200
1528,1528,1528,buy,24,2445,58680
1529,1529,1529,buy,100,115,11500
1530,1530,1530,buy,8,3133,25064
1531,1531,1531,buy,1,3950,3950
1532,1532,1532,buy,3,17150,51450
1533,1533,1533,buy,1,14700,14700
1534,1534,1534,buy,3,14700,44100
1535,1535,1535,buy,2,14700,29400
1536,1536,1536,buy,6,3950,23700
1537,1537,1537,buy,2,3950,7900
1538,1538,1538,buy,1,22200,22200
1539,1539,1539,buy,1,22200,22200
1540,1540,1540,buy,1,22200,22200
1541,1541,1541,buy,1,22200,22200
1542,1542,1542,buy,1,21500,21500
1543,1543,1543,buy,2,14400,28800
1544,1544,1544,buy,2,21500,43000
1545,1545,1545,buy,2,14400,28800
1546,1546,1546,buy,1,14400,14400
1547,1547,1547,buy,12,14872,178464
1548,1548,1548,buy,6,27070,162420
1549,1549,1549,buy,6,39020,234120
1550,1550,1550,buy,24,14872,356928
1551,1551,1551,buy,6,27070,162420
1552,1552,1552,buy,1,21285,21285
1553,1553,1553,buy,1,13000,13000
1554,1554,1554,buy,1,16000,16000
1555,1555,1555,buy,3,18000,54000
1556,1556,1556,buy,2,7500,15000
1557,1557,1557,buy,2,18000,36000
1558,1558,1558,buy,1,18000,18000
1559,1559,1559,buy,4,7920,31680
1560,1560,1560,buy,3,19100,57300
1561,1561,1561,buy,3,12650,37950
1562,1562,1562,buy,3,19100,57300
1563,1563,1563,buy,3,12650,37950
1564,1564,1564,buy,3,19100,57300
1565,1565,1565,buy,3,12650,37950
1566,1566,1566,buy,3,12650,37950
1567,1567,1567,buy,3,19100,57300
1568,1568,1568,buy,3,12650,37950
1569,1569,1569,buy,1,10000,10000
1570,1570,1570,buy,1,28785,28785
1571,1571,1571,buy,1,28785,28785
1572,1572,1572,buy,4,5665,22660
1573,1573,1573,buy,1,5271,5271
1574,1574,1574,buy,1,5271,5271
1575,1575,1575,buy,1,5271,5271
1576,1576,1576,buy,1,5616,5616
1577,1577,1577,buy,2,5011,10022
1578,1578,1578,buy,3,5616,16848
1579,1579,1579,buy,1,5780,5780
1580,1580,1580,buy,3,5807,17421
1581,1581,1581,buy,1,6500,6500
1582,1582,1582,buy,1,4933,4933
1583,1583,1583,buy,60,4933,295980
1584,1584,1584,buy,60,1733,103980
1585,1585,1585,buy,60,1733,103980
1586,1586,1586,buy,1,25600,25600
1587,1587,1587,buy,1,25600,25600
1588,1588,1588,buy,1,22000,22000
1589,1589,1589,buy,1,22000,22000
1590,1590,1590,buy,1,24400,24400
1591,1591,1591,buy,1,24400,24400
1592,1592,1592,buy,3,16000,48000
1593,1593,1593,buy,2,33200,66400
1594,1594,1594,buy,1,33200,33200
1595,1595,1595,buy,1,33200,33200
1596,1596,1596,buy,2,33200,66400
1597,1597,1597,buy,3,64400,193200
1598,1598,1598,buy,3,36800,110400
1599,1599,1599,buy,3,36800,110400
1600,1600,1600,buy,3,25700,77100
1601,1601,1601,buy,1,34000,34000
1602,1602,1602,buy,1,34000,34000
1603,1603,1603,buy,1,34000,34000
1604,1604,1604,buy,1,45938,45938
1605,1605,1605,buy,1,45938,45938
1606,1606,1606,buy,1,45938,45938
1607,1607,1607,buy,2,37600,75200
1608,1608,1608,buy,1,37600,37600
1609,1609,1609,buy,3,32800,98400
1610,1610,1610,buy,3,24400,73200
1611,1611,1611,buy,3,14177,42531
1612,1612,1612,buy,3,14000,42000
1613,1613,1613,buy,3,21840,65520
1614,1614,1614,buy,3,22223,66669
1615,1615,1615,buy,1,38000,38000
1616,1616,1616,buy,1,38000,38000
1617,1617,1617,buy,1,38000,38000
1618,1618,1618,buy,3,38400,115200
1619,1619,1619,buy,1,14200,14200
1620,1620,1620,buy,2,14200,28400
1621,1621,1621,buy,1,20300,20300
1622,1622,1622,buy,1,20300,20300
1623,1623,1623,buy,1,39500,39500
1624,1624,1624,buy,2,26820,53640
1625,1625,1625,buy,1,39500,39500
1626,1626,1626,buy,1,26820,26820
1627,1627,1627,buy,1,39500,39500
1628,1628,1628,buy,1,21050,21050
1629,1629,1629,buy,16,11625,186000
1630,1630,1630,buy,24,8858,212592
1631,1631,1631,buy,6,19283,115698
1632,1632,1632,buy,2,15025,30050
1633,1633,1633,buy,1,10000,10000
1634,1634,1634,buy,1,10000,10000
1635,1635,1635,buy,1,2395,2395
1636,1636,1636,buy,40,1625,65000
1637,1637,1637,buy,30,5833,174990
1638,1638,1638,buy,30,5833,174990
1639,1639,1639,buy,24,5750,138000
1640,1640,1640,buy,2,3905,7810
1641,1641,1641,buy,3,3905,11715
1642,1642,1642,buy,1,3905,3905
1643,1643,1643,buy,3,25245,75735
1644,1644,1644,buy,3,25245,75735
1645,1645,1645,buy,2,25245,50490
1646,1646,1646,buy,1,12430,12430
1647,1647,1647,buy,2,11275,22550
1648,1648,1648,buy,1,11275,11275
1649,1649,1649,buy,3,17270,51810
1650,1650,1650,buy,4,8500,34000
1651,1651,1651,buy,30,4500,135000
1652,1652,1652,buy,1,33550,33550
1653,1653,1653,buy,2,21200,42400
1654,1654,1654,buy,6,12650,75900
1655,1655,1655,buy,6,4400,26400
1656,1656,1656,buy,5,4400,22000
1657,1657,1657,buy,6,12650,75900
1658,1658,1658,buy,1,13700,13700
1659,1659,1659,buy,2,13700,27400
1660,1660,1660,buy,6,13100,78600
1661,1661,1661,buy,8,8250,66000
1662,1662,1662,buy,12,8125,97500
1663,1663,1663,buy,4,8125,32500
1664,1664,1664,buy,30,1733,51990
1665,1665,1665,buy,30,1733,51990
1666,1666,1666,buy,10,795,7950
1667,1667,1667,buy,9,7950,71550
1668,1668,1668,buy,8,6187,49496
1669,1669,1669,buy,10,1675,16750
1670,1670,1670,buy,6,8375,50250
1671,1671,1671,buy,20,1000,20000
1672,1672,1672,buy,6,10000,60000
1673,1673,1673,buy,1,141000,141000
1674,1674,1674,buy,18,6055,108990
1675,1675,1675,buy,20,4125,82500
1676,1676,1676,buy,20,4125,82500
1677,1677,1677,buy,8,10250,82000
1678,1678,1678,buy,1,10250,10250
1679,1679,1679,buy,1,10250,10250
1680,1680,1680,buy,2,10250,20500
1681,1681,1681,buy,24,3375,81000
1682,1682,1682,buy,20,407,8140
1683,1683,1683,buy,9,8150,73350
1684,1684,1684,buy,20,407,8140
1685,1685,1685,buy,9,8150,73350
1686,1686,1686,buy,24,871,20904
1687,1687,1687,buy,24,871,20904
1688,1688,1688,buy,24,871,20904
1689,1689,1689,buy,24,871,20904
1690,1690,1690,buy,5,10458,52290
1691,1691,1691,buy,8,8625,69000
1692,1692,1692,buy,12,3783,45396
1693,1693,1693,buy,3,45400,136200
1694,1694,1694,buy,30,4130,123900
1695,1695,1695,buy,40,1717,68680
1696,1696,1696,buy,6,8300,49800
1697,1697,1697,buy,15,3800,57000
1698,1698,1698,buy,6,8300,49800
1699,1699,1699,buy,15,3800,57000
1700,1700,1700,buy,15,3800,57000
1701,1701,1701,buy,15,3960,59400
1702,1702,1702,buy,15,3800,57000
1703,1703,1703,buy,15,3800,57000
1704,1704,1704,buy,15,3800,57000
1705,1705,1705,buy,15,3800,57000
1706,1706,1706,buy,12,7750,93000
1707,1707,1707,buy,12,7750,93000
1708,1708,1708,buy,12,7750,93000
1709,1709,1709,buy,12,7750,93000
1710,1710,1710,buy,10,4050,40500
1711,1711,1711,buy,20,795,15900
1712,1712,1712,buy,8,7950,63600
1713,1713,1713,buy,60,1683,100980
1714,1714,1714,buy,60,1683,100980
1715,1715,1715,buy,20,500,10000
1716,1716,1716,buy,4,10000,40000
1717,1717,1717,buy,20,10000,200000
1718,1718,1718,buy,6,10000,60000
1719,1719,1719,buy,20,10000,200000
1720,1720,1720,buy,5,10000,50000
1721,1721,1721,buy,20,10000,200000
1722,1722,1722,buy,20,10000,200000
1723,1723,1723,buy,5,10000,50000
1724,1724,1724,buy,20,1900,38000
1725,1725,1725,buy,1,38000,38000
1726,1726,1726,buy,20,1900,38000
1727,1727,1727,buy,3,38000,114000
1728,1728,1728,buy,12,1604,19248
1729,1729,1729,buy,11,19250,211750
1730,1730,1730,buy,24,1541,36984
1731,1731,1731,buy,24,1541,36984
1732,1732,1732,buy,24,1583,37992
1733,1733,1733,buy,24,1583,37992
1734,1734,1734,buy,30,7500,225000
1735,1735,1735,buy,5,20300,101500
1736,1736,1736,buy,2,20300,40600
1737,1737,1737,buy,1,20300,20300
1738,1738,1738,buy,2,20300,40600
1739,1739,1739,buy,12,7500,90000
1740,1740,1740,buy,40,8450,338000
1741,1741,1741,buy,40,8450,338000
1742,1742,1742,buy,40,8450,338000
1743,1743,1743,buy,42,8404,352968
1744,1744,1744,buy,42,8500,357000
1745,1745,1745,buy,42,8452,354984
1746,1746,1746,buy,21,4714,98994
1747,1747,1747,buy,30,1733,51990
1748,1748,1748,buy,12,4083,48996
1749,1749,1749,buy,12,7150,85800
1750,1750,1750,buy,12,4816,57792
1751,1751,1751,buy,12,4816,57792
1752,1752,1752,buy,12,2600,31200
1753,1753,1753,buy,12,2600,31200
1754,1754,1754,buy,12,2600,31200
1755,1755,1755,buy,10,4680,46800
1756,1756,1756,buy,10,4680,46800
1757,1757,1757,buy,10,4680,46800
1758,1758,1758,buy,10,4680,46800
1759,1759,1759,buy,20,4415,88300
1760,1760,1760,buy,24,4558,109392
1761,1761,1761,buy,24,4558,109392
1762,1762,1762,buy,24,4558,109392
1763,1763,1763,buy,30,4500,135000
1764,1764,1764,buy,30,4500,135000
1765,1765,1765,buy,24,3395,81480
1766,1766,1766,buy,12,10800,129600
1767,1767,1767,buy,5,20750,103750
1768,1768,1768,buy,5,20750,103750
1769,1769,1769,buy,2,20750,41500
1770,1770,1770,buy,12,27591,331092
1771,1771,1771,buy,12,14483,173796
1772,1772,1772,buy,12,10416,124992
1773,1773,1773,buy,50,1974,98700
1774,1774,1774,buy,12,3541,42492
1775,1775,1775,buy,12,5958,71496
1776,1776,1776,buy,25,950,23750
1777,1777,1777,buy,6,6550,39300
1778,1778,1778,buy,2,19650,39300
1779,1779,1779,buy,12,3416,40992
1780,1780,1780,buy,6,6833,40998
1781,1781,1781,buy,25,1680,42000
1782,1782,1782,buy,50,1570,78500
1783,1783,1783,buy,25,1492,37300
1784,1784,1784,buy,25,2072,51800
1785,1785,1785,buy,25,2220,55500
1786,1786,1786,buy,10,3708,37080
1787,1787,1787,buy,19,7416,140904
1788,1788,1788,buy,50,1660,83000
1789,1789,1789,buy,6,9683,58098
1790,1790,1790,buy,12,11825,141900
1791,1791,1791,buy,12,10083,120996
1792,1792,1792,buy,10,6740,67400
1793,1793,1793,buy,6,12533,75198
1794,1794,1794,buy,12,3016,36192
1795,1795,1795,buy,12,2166,25992
1796,1796,1796,buy,10,6320,63200
1797,1797,1797,buy,12,11375,136500
1798,1798,1798,buy,100,145,14500
1799,1799,1799,buy,9,14500,130500
1800,1800,1800,buy,100,200,20000
1801,1801,1801,buy,4,20000,80000
1802,1802,1802,buy,12,4500,54000
1803,1803,1803,buy,12,1500,18000
1804,1804,1804,buy,6,4000,24000
1805,1805,1805,buy,6,2000,12000
1806,1806,1806,buy,10,800,8000
1807,1807,1807,buy,12,500,6000
1808,1808,1808,buy,3,7500,22500
1809,1809,1809,buy,5,15000,75000
1810,1810,1810,buy,2,8000,16000
1811,1811,1811,buy,2,13000,26000
1812,1812,1812,buy,12,4500,54000
1813,1813,1813,buy,12,3750,45000
1814,1814,1814,buy,12,3250,39000
1815,1815,1815,buy,24,625,15000
1816,1816,1816,buy,72,1000,72000
1817,1817,1817,buy,12,1750,21000
1818,1818,1818,buy,30,2000,60000
1819,1819,1819,buy,12,2500,30000
1820,1820,1820,buy,12,2500,30000
1821,1821,1821,buy,20,1400,28000
1822,1822,1822,buy,40,5000,200000
1823,1823,1823,buy,12,10833,129996
1824,1824,1824,buy,12,7000,84000
1825,1825,1825,buy,12,833,9996
1826,1826,1826,buy,0,10000,0
1827,1827,1827,buy,12,833,9996
1828,1828,1828,buy,0,10000,0
1829,1829,1829,buy,12,3500,42000
1830,1830,1830,buy,1,42000,42000
1831,1831,1831,buy,12,1000,12000
1832,1832,1832,buy,12,1500,18000
1833,1833,1833,buy,12,5000,60000
1834,1834,1834,buy,12,13333,159996
1835,1835,1835,buy,12,3250,39000
1836,1836,1836,buy,12,7000,84000
1837,1837,1837,buy,20,2650,53000
1838,1838,1838,buy,0,26500,0
1839,1839,1839,buy,20,3900,78000
1840,1840,1840,buy,0,39000,0
1841,1841,1841,buy,20,2200,44000
1842,1842,1842,buy,20,4300,86000
1843,1843,1843,buy,0,43000,0
1844,1844,1844,buy,24,416,9984
1845,1845,1845,buy,100,500,50000
1846,1846,1846,buy,10,2000,20000
1847,1847,1847,buy,10,3500,35000
1848,1848,1848,buy,12,7250,87000
1849,1849,1849,buy,6,6500,39000
1850,1850,1850,buy,200,210,42000
1851,1851,1851,buy,12,1750,21000
1852,1852,1852,buy,10,1000,10000
1853,1853,1853,buy,500,96,48000
1854,1854,1854,buy,12,2500,30000
1855,1855,1855,buy,12,2083,24996
1856,1856,1856,buy,12,2750,33000
1857,1857,1857,buy,12,3500,42000
1858,1858,1858,buy,12,1666,19992
1859,1859,1859,buy,12,2083,24996
1860,1860,1860,buy,26,1250,32500
1861,1861,1861,buy,12,2500,30000
1862,1862,1862,buy,12,2500,30000
1863,1863,1863,buy,12,1666,19992
1864,1864,1864,buy,10,8400,84000
1865,1865,1865,buy,10,8400,84000
1866,1866,1866,buy,12,6000,72000
1867,1867,1867,buy,12,6000,72000
1868,1868,1868,buy,40,750,30000
1869,1869,1869,buy,40,750,30000
1870,1870,1870,buy,12,750,9000
1871,1871,1871,buy,20,1800,36000
1872,1872,1872,buy,12,7591,91092
1873,1873,1873,buy,12,7591,91092
1874,1874,1874,buy,3,16300,48900
1875,1875,1875,buy,3,15800,47400
1876,1876,1876,buy,3,23466,70398
1877,1877,1877,buy,3,22366,67098
1878,1878,1878,buy,24,4800,115200
1879,1879,1879,buy,6,8740,52440
1880,1880,1880,buy,6,14850,89100
1881,1881,1881,buy,6,14800,88800
1882,1882,1882,buy,6,15283,91698
1883,1883,1883,buy,2,17616,35232
1884,1884,1884,buy,2,17616,35232
1885,1885,1885,buy,2,17616,35232
1886,1886,1886,buy,3,8750,26250
1887,1887,1887,buy,3,8750,26250
1888,1888,1888,buy,6,3400,20400
1889,1889,1889,buy,6,3850,23100
1890,1890,1890,buy,6,11125,66750
1891,1891,1891,buy,6,11125,66750
1892,1892,1892,buy,6,11125,66750
1893,1893,1893,buy,20,7800,156000
1894,1894,1894,buy,24,2591,62184
1895,1895,1895,buy,10,7260,72600
1896,1896,1896,buy,12,4866,58392
1897,1897,1897,buy,12,4660,55920
1898,1898,1898,buy,12,4660,55920
1899,1899,1899,buy,6,27141,162846
1900,1900,1900,buy,6,27141,162846
1901,1901,1901,buy,6,16966,101796
1902,1902,1902,buy,12,3783,45396
1903,1903,1903,buy,6,12316,73896
1904,1904,1904,buy,6,12316,73896
1905,1905,1905,buy,10,9530,95300
1906,1906,1906,buy,3,41083,123249
1907,1907,1907,buy,3,41083,123249
1908,1908,1908,buy,3,9941,29823
1909,1909,1909,buy,3,9941,29823
1910,1910,1910,buy,3,9941,29823
1911,1911,1911,buy,3,19300,57900
1912,1912,1912,buy,3,19300,57900
1913,1913,1913,buy,3,15750,47250
1914,1914,1914,buy,3,15750,47250
1915,1915,1915,buy,3,10066,30198
1916,1916,1916,buy,3,10066,30198
1917,1917,1917,buy,3,7317,21951
1918,1918,1918,buy,3,7317,21951
1919,1919,1919,buy,3,7317,21951
1920,1920,1920,buy,3,9941,29823
1921,1921,1921,buy,2,16400,32800
1922,1922,1922,buy,1,13066,13066
1923,1923,1923,buy,1,13066,13066
1924,1924,1924,buy,2,13066,26132
1925,1925,1925,buy,2,13066,26132
1926,1926,1926,buy,3,19216,57648
1927,1927,1927,buy,3,19216,57648
1928,1928,1928,buy,3,6266,18798
1929,1929,1929,buy,3,6266,18798
1930,1930,1930,buy,3,6266,18798
1931,1931,1931,buy,3,6800,20400
1932,1932,1932,buy,6,9816,58896
1933,1933,1933,buy,3,6200,18600
1934,1934,1934,buy,3,6200,18600
1935,1935,1935,buy,8,9440,75520
1936,1936,1936,buy,9,9440,84960
1937,1937,1937,buy,8,9440,75520
1938,1938,1938,buy,20,3115,62300
1939,1939,1939,buy,6,15575,93450
1940,1940,1940,buy,20,3115,62300
1941,1941,1941,buy,6,15575,93450
1942,1942,1942,buy,6,16000,96000
1943,1943,1943,buy,20,2375,47500
1944,1944,1944,buy,10,2375,23750
1945,1945,1945,buy,10,2375,23750
1946,1946,1946,buy,12,4866,58392
1947,1947,1947,buy,20,2430,48600
1948,1948,1948,buy,12,4866,58392
1949,1949,1949,buy,12,4866,58392
1950,1950,1950,buy,24,1479,35496
1951,1951,1951,buy,30,1746,52380
1952,1952,1952,buy,30,1746,52380
1953,1953,1953,buy,30,1746,52380
1954,1954,1954,buy,30,1746,52380
1955,1955,1955,buy,12,4491,53892
1956,1956,1956,buy,12,4491,53892
1957,1957,1957,buy,12,4491,53892
1958,1958,1958,buy,12,4108,49296
1959,1959,1959,buy,12,4108,49296
1960,1960,1960,buy,12,4108,49296
1961,1961,1961,buy,12,4108,49296
1962,1962,1962,buy,12,4491,53892
1963,1963,1963,buy,30,1766,52980
1964,1964,1964,buy,12,4808,57696
1965,1965,1965,buy,12,4808,57696
1966,1966,1966,buy,12,4808,57696
1967,1967,1967,buy,20,2430,48600
1968,1968,1968,buy,20,2430,48600
1969,1969,1969,buy,21,4757,99897
1970,1970,1970,buy,24,3466,83184
1971,1971,1971,buy,24,4916,117984
1972,1972,1972,buy,24,4916,117984
1973,1973,1973,buy,12,7775,93300
1974,1974,1974,buy,10,9070,90700
1975,1975,1975,buy,10,7560,75600
1976,1976,1976,buy,20,1562,31240
1977,1977,1977,buy,12,7812,93744
1978,1978,1978,buy,20,1596,31920
1979,1979,1979,buy,12,7981,95772
1980,1980,1980,buy,6,4470,26820
1981,1981,1981,buy,7,8940,62580
1982,1982,1982,buy,25,380,9500
1983,1983,1983,buy,25,380,9500
1984,1984,1984,buy,22,380,8360
1985,1985,1985,buy,24,380,9120
1986,1986,1986,buy,24,380,9120
1987,1987,1987,buy,24,380,9120
1988,1988,1988,buy,20,6865,137300
1989,1989,1989,buy,20,6865,137300
1990,1990,1990,buy,10,8000,80000
1991,1991,1991,buy,7,16000,112000
1992,1992,1992,buy,6,11800,70800
1993,1993,1993,buy,8,5095,40760
1994,1994,1994,buy,6,10190,61140
1995,1995,1995,buy,40,9550,382000
1996,1996,1996,buy,48,2937,140976
1997,1997,1997,buy,50,5000,250000
1998,1998,1998,buy,24,4916,117984
1999,1999,1999,buy,12,18475,221700
2000,2000,2000,buy,20,11865,237300
2001,2001,2001,buy,10,9950,99500
2002,2002,2002,buy,8,8720,69760
2003,2003,2003,buy,10,8720,87200
2004,2004,2004,buy,3,13933,41799
2005,2005,2005,buy,3,13933,41799
2006,2006,2006,buy,3,13933,41799
2007,2007,2007,buy,3,8200,24600
2008,2008,2008,buy,3,8200,24600
2009,2009,2009,buy,3,8200,24600
2010,2010,2010,buy,3,18583,55749
2011,2011,2011,buy,3,18583,55749
2012,2012,2012,buy,3,18583,55749
2013,2013,2013,buy,3,18583,55749
2014,2014,2014,buy,3,18583,55749
2015,2015,2015,buy,6,6300,37800
2016,2016,2016,buy,24,8058,193392
2017,2017,2017,buy,10,2980,29800
2018,2018,2018,buy,4,14900,59600
2019,2019,2019,buy,5,2980,14900
2020,2020,2020,buy,5,2980,14900
2021,2021,2021,buy,6,2900,17400
2022,2022,2022,buy,12,10900,130800
2023,2023,2023,buy,8,11394,91152
2024,2024,2024,buy,8,11394,91152
2025,2025,2025,buy,24,7183,172392
2026,2026,2026,buy,6,4895,29370
2027,2027,2027,buy,6,4895,29370
2028,2028,2028,buy,6,4895,29370
2029,2029,2029,buy,5,4895,24475
2030,2030,2030,buy,1,4895,4895
2031,2031,2031,buy,12,3341,40092
2032,2032,2032,buy,6,13766,82596
2033,2033,2033,buy,6,11266,67596
2034,2034,2034,buy,24,766,18384
2035,2035,2035,buy,0,9200,0
2036,2036,2036,buy,12,766,9192
2037,2037,2037,buy,1,9200,9200
2038,2038,2038,buy,6,13058,78348
2039,2039,2039,buy,6,13058,78348
2040,2040,2040,buy,3,16283,48849
2041,2041,2041,buy,3,16283,48849
2042,2042,2042,buy,3,15350,46050
2043,2043,2043,buy,3,15350,46050
2044,2044,2044,buy,3,7900,23700
2045,2045,2045,buy,3,7900,23700
2046,2046,2046,buy,3,7900,23700
2047,2047,2047,buy,6,24391,146346
2048,2048,2048,buy,6,24391,146346
2049,2049,2049,buy,3,19933,59799
2050,2050,2050,buy,3,19933,59799
2051,2051,2051,buy,3,19133,57399
2052,2052,2052,buy,3,19133,57399
2053,2053,2053,buy,3,19133,57399
2054,2054,2054,buy,6,12133,72798
2055,2055,2055,buy,6,12133,72798
2056,2056,2056,buy,6,12133,72798
2057,2057,2057,buy,24,759,18216
2058,2058,2058,buy,2,18233,36466
2059,2059,2059,buy,24,759,18216
2060,2060,2060,buy,2,18233,36466
2061,2061,2061,buy,48,1758,84384
2062,2062,2062,buy,3,42200,126600
2063,2063,2063,buy,80,3050,244000
2064,2064,2064,buy,80,3050,244000
2065,2065,2065,buy,12,5100,61200
2066,2066,2066,buy,10,19900,199000
2067,2067,2067,buy,10,18600,186000
2068,2068,2068,buy,10,20100,201000
2069,2069,2069,buy,5,16000,80000
2070,2070,2070,buy,5,16000,80000
2071,2071,2071,buy,5,18000,90000
2072,2072,2072,buy,5,18000,90000
2073,2073,2073,buy,3,22750,68250
2074,2074,2074,buy,3,17400,52200
2075,2075,2075,buy,18,4000,72000
2076,2076,2076,buy,18,4000,72000
2077,2077,2077,buy,15,7200,108000
2078,2078,2078,buy,15,7200,108000
2079,2079,2079,buy,15,7300,109500
2080,2080,2080,buy,15,7300,109500
2081,2081,2081,buy,4,7200,28800
2082,2082,2082,buy,30,4000,120000
2083,2083,2083,buy,5,21050,105250
2084,2084,2084,buy,12,11033,132396
2085,2085,2085,buy,12,18900,226800
2086,2086,2086,buy,12,9800,117600
2087,2087,2087,buy,19,17000,323000
2088,2088,2088,buy,48,1791,85968
2089,2089,2089,buy,8,43000,344000
2090,2090,2090,buy,24,3916,93984
2091,2091,2091,buy,3,47000,141000
2092,2092,2092,buy,48,1458,69984
2093,2093,2093,buy,3,35000,105000
2094,2094,2094,buy,5,29000,145000
2095,2095,2095,buy,48,1458,69984
2096,2096,2096,buy,3,35000,105000
2097,2097,2097,buy,20,13500,270000
2098,2098,2098,buy,2,45200,90400
2099,2099,2099,buy,2,41600,83200
2100,2100,2100,buy,2,22700,45400
2101,2101,2101,buy,2,21100,42200
2102,2102,2102,buy,2,53400,106800
2103,2103,2103,buy,2,50300,100600
2104,2104,2104,buy,3,39800,119400
2105,2105,2105,buy,3,39500,118500
2106,2106,2106,buy,2,41000,82000
2107,2107,2107,buy,1,36500,36500
2108,2108,2108,buy,3,36500,109500
2109,2109,2109,buy,1,57500,57500
2110,2110,2110,buy,3,53100,159300
2111,2111,2111,buy,3,15316,45948
2112,2112,2112,buy,3,15316,45948
2113,2113,2113,buy,3,15316,45948
2114,2114,2114,buy,3,15316,45948
2115,2115,2115,buy,3,15200,45600
2116,2116,2116,buy,1,15200,15200
2117,2117,2117,buy,3,12900,38700
2118,2118,2118,buy,3,12900,38700
2119,2119,2119,buy,6,9340,56040
2120,2120,2120,buy,6,9340,56040
2121,2121,2121,buy,3,8366,25098
2122,2122,2122,buy,6,8316,49896
2123,2123,2123,buy,6,8366,50196
2124,2124,2124,buy,3,8460,25380
2125,2125,2125,buy,6,8316,49896
2126,2126,2126,buy,52,718,37336
2127,2127,2127,buy,48,718,34464
2128,2128,2128,buy,10,12260,122600
2129,2129,2129,buy,72,813,58536
2130,2130,2130,buy,24,4791,114984
2131,2131,2131,buy,24,3916,93984
2132,2132,2132,buy,24,3916,93984
2133,2133,2133,buy,24,3916,93984
2134,2134,2134,buy,24,3916,93984
2135,2135,2135,buy,10,13000,130000
2136,2136,2136,buy,40,19665,786600
2137,2137,2137,buy,10,24060,240600
2138,2138,2138,buy,30,25560,766800
2139,2139,2139,buy,20,16450,329000
2140,2140,2140,buy,20,24660,493200
2141,2141,2141,buy,20,29960,599200
2142,2142,2142,buy,20,26960,539200
2143,2143,2143,buy,20,24460,489200
2144,2144,2144,buy,30,19515,585450
2145,2145,2145,buy,17,195150,3317550
2146,2146,2146,buy,30,12810,384300
2147,2147,2147,buy,17,128100,2177700
2148,2148,2148,buy,10,24460,244600
2149,2149,2149,buy,20,12490,249800
2150,2150,2150,buy,20,17220,344400
2151,2151,2151,buy,10,18320,183200
2152,2152,2152,buy,10,23050,230500
2153,2153,2153,buy,20,18050,361000
2154,2154,2154,buy,10,17250,172500
2155,2155,2155,buy,10,19560,195600
2156,2156,2156,buy,30,25560,766800
2157,2157,2157,buy,10,32420,324200
2158,2158,2158,buy,10,32420,324200
2159,2159,2159,buy,30,22030,660900
2160,2160,2160,buy,10,16160,161600
2161,2161,2161,buy,10,25600,256000
2162,2162,2162,buy,10,29900,299000
2163,2163,2163,buy,10,29900,299000
2164,2164,2164,buy,10,24400,244000
2165,2165,2165,buy,10,25650,256500
2166,2166,2166,buy,10,23250,232500
2167,2167,2167,buy,10,31350,313500
2168,2168,2168,buy,10,15760,157600
2169,2169,2169,buy,10,24460,244600
2170,2170,2170,buy,7,18950,132650
2171,2171,2171,buy,10,9475,94750
2172,2172,2172,buy,50,10160,508000
2173,2173,2173,buy,50,12200,610000
2174,2174,2174,buy,50,9060,453000
2175,2175,2175,buy,50,9996,499800
2176,2176,2176,buy,14,2214,30996
2177,2177,2177,buy,5,8000,40000
2178,2178,2178,buy,6,8000,48000
