id,product_id,cost_selling_per_unit,price_per_unit
1,1,1575,1800
2,2,9552,10750
3,3,7200,8250
4,4,8875,10000
5,5,3885,4500
6,6,2245,3000
7,7,15250,17500
8,8,1500,1800
9,9,5770,6500
10,10,14492,16500
11,11,2245,3000
12,12,1083,1300
13,13,10833,12000
14,14,5767,6750
15,15,6168,7000
16,16,6083,6900
17,17,11594,12900
18,18,5767,6500
19,19,18500,19900
20,20,11586,12900
21,21,8033,9900
22,22,18416,20500
23,23,3033,3500
24,24,5952,6750
25,25,5483,6500
26,26,1795,2000
27,27,6000,8000
28,28,5441,6200
29,29,5441,6200
30,30,12800,15900
31,31,12800,15900
32,32,18000,21000
33,33,770,1000
34,34,18500,21600
35,35,770,1000
36,36,18500,21600
37,37,770,1000
38,38,18500,21600
39,39,770,1000
40,40,18500,21600
41,41,770,1000
42,42,18500,21600
43,43,5000,5400
44,44,5000,5400
45,45,3996,4500
46,46,848,1000
47,47,8480,9000
48,48,27900,31000
49,49,27900,31000
50,50,27900,31000
51,51,39900,44000
52,52,90800,99900
53,53,39900,44000
54,54,90800,99900
55,55,32000,35200
56,56,39900,44000
57,57,90800,99900
58,58,120,350
59,59,1683,1850
60,60,1683,1850
61,61,7633,8500
62,62,652,850
63,63,13040,16000
64,64,7741,9900
65,65,7741,9900
66,66,7741,9900
67,67,6900,8000
68,68,9000,10000
69,69,14321,16000
70,70,1600,2000
71,71,2500,4500
72,72,7580,8500
73,73,15583,18000
74,74,10375,11900
75,75,20666,23000
76,76,2291,2500
77,77,7812,8750
78,78,20063,23000
79,79,2257,3000
80,80,3358,4000
81,81,18967,19900
82,82,18967,19900
83,83,18967,19900
84,84,18967,19900
85,85,3358,4000
86,86,2433,3800
87,87,3358,4000
88,88,3358,4000
89,89,14256,15900
90,90,21167,27900
91,91,14256,15900
92,92,13411,15900
93,93,13411,15900
94,94,8983,10500
95,95,9500,10750
96,96,2049,2500
97,97,22031,25000
98,98,22031,25000
99,99,22031,25000
100,100,15039,19900
101,101,4859,5900
102,102,4500,5900
103,103,15308,19900
104,104,30600,38000
105,105,30600,38000
106,106,1650,2000
107,107,28050,30600
108,108,12500,14000
109,109,1716,2000
110,110,20600,18500
111,111,8666,9700
112,112,6825,7700
113,113,763,1000
114,114,10550,12500
115,115,15233,17500
116,116,23150,26900
117,117,10550,12500
118,118,23150,26900
119,119,11330,13500
120,120,21230,24900
121,121,16233,18500
122,122,15233,17500
123,123,15233,17500
124,124,15233,17500
125,125,15015,17500
126,126,16183,18900
127,127,29558,34900
128,128,1575,2000
129,129,440,500
130,130,8800,9000
131,131,9167,12500
132,132,9250,9900
133,133,4500,5000
134,134,4375,5000
135,135,31038,34900
136,136,20957,23900
137,137,3292,4000
138,138,6441,7300
139,139,6441,7300
140,140,393,450
141,141,4716,5400
142,142,393,450
143,143,4716,5400
144,144,10093,11900
145,145,4158,5000
146,146,4158,5000
147,147,4158,5000
148,148,4158,5000
149,149,787,1000
150,150,9450,10800
151,151,375,450
152,152,4500,5400
153,153,10120,12900
154,154,10120,12900
155,155,12400,15000
156,156,12400,15000
157,157,12400,15000
158,158,12400,15000
159,159,12400,15000
160,160,12400,15000
161,161,5500,6500
162,162,5500,6500
163,163,9700,10900
164,164,8195,9900
165,165,8195,9900
166,166,11900,14900
167,167,19599,22500
168,168,4158,5000
169,169,7508,9000
170,170,12383,13750
171,171,12100,14000
172,172,8717,10000
173,173,1633,2000
174,174,4655,5500
175,175,7980,9900
176,176,4655,5500
177,177,8313,10200
178,178,825,1000
179,179,16500,18000
180,180,825,1000
181,181,16500,18000
182,182,418,500
183,183,10032,10800
184,184,825,1000
185,185,16500,18000
186,186,1633,2000
187,187,850,1000
188,188,8500,9500
189,189,18700,20900
190,190,18700,20900
191,191,1440,2000
192,192,7200,8500
193,193,1440,2000
194,194,7200,8500
195,195,762,1000
196,196,18300,20400
197,197,9300,10500
198,198,1233,2000
199,199,2883,3500
200,200,5966,7500
201,201,1233,2000
202,202,2883,3500
203,203,2566,3500
204,204,12624,14200
205,205,21002,23200
206,206,12624,14200
207,207,12624,14200
208,208,21059,23200
209,209,12624,14200
210,210,22191,25000
211,211,4187,6000
212,212,770,1000
213,213,18500,20400
214,214,12000,15900
215,215,14400,17500
216,216,14400,17500
217,217,12000,15900
218,218,14400,17500
219,219,28916,32500
220,220,28916,32500
221,221,14325,16500
222,222,32301,36900
223,223,28916,32500
224,224,14097,16500
225,225,28916,32500
226,226,3166,4500
227,227,7483,9000
228,228,3166,4500
229,229,3166,4500
230,230,16082,18000
231,231,15123,16900
232,232,13183,14900
233,233,16216,18500
234,234,6033,7500
235,235,3833,5000
236,236,5050,6500
237,237,5050,6500
238,238,2716,3500
239,239,850,1000
240,240,17000,18000
241,241,18897,22000
242,242,44300,48500
243,243,42933,48500
244,244,44300,48500
245,245,740,1000
246,246,6145,7500
247,247,19580,22000
248,248,20680,23000
249,249,13200,14000
250,250,16700,19000
251,251,16400,19000
252,252,16400,19000
253,253,16400,19000
254,254,3500,4500
255,255,12000,14500
256,256,3500,4500
257,257,3500,4500
258,258,17800,19900
259,259,17800,19900
260,260,17800,19900
261,261,17800,19900
262,262,15150,17200
263,263,15150,17200
264,264,15150,17200
265,265,16050,18900
266,266,16050,18900
267,267,16050,18900
268,268,16050,18900
269,269,6300,7500
270,270,7150,9500
271,271,7150,9500
272,272,6500,8500
273,273,11500,14900
274,274,3550,5000
275,275,6500,8500
276,276,11500,14900
277,277,3550,5000
278,278,6500,8500
279,279,11500,14900
280,280,3550,5000
281,281,6400,8500
282,282,10700,12900
283,283,6400,8500
284,284,10700,12900
285,285,9625,12500
286,286,11200,13500
287,287,17800,21900
288,288,11200,13500
289,289,16550,19900
290,290,19517,22500
291,291,17341,19500
292,292,4620,900
293,293,17341,19500
294,294,4275,5000
295,295,17341,19500
296,296,4275,5000
297,297,17341,19500
298,298,2250,500
299,299,13662,15500
300,300,9020,10400
301,301,9790,11200
302,302,3410,5000
303,303,9790,11500
304,304,3410,5000
305,305,8470,9500
306,306,16885,19250
307,307,8470,9500
308,308,8470,9500
309,309,11385,13900
310,310,8470,9500
311,311,5567,6500
312,312,17050,19000
313,313,17050,19000
314,314,757,1000
315,315,1600,2500
316,316,1600,2500
317,317,791,1000
318,318,802,1000
319,319,9633,10800
320,320,708,1000
321,321,1600,1800
322,322,5133,6500
323,323,5133,6500
324,324,37200,42500
325,325,2767,3500
326,326,2767,3500
327,327,2767,3500
328,328,5133,6500
329,329,37200,42500
330,330,37200,42500
331,331,37200,42500
332,332,44000,0
333,333,760,1000
334,334,19000,21250
335,335,6900,7900
336,336,15916,17900
337,337,392,500
338,338,9408,10800
339,339,4208,5500
340,340,4208,5500
341,341,4208,5500
342,342,4208,5500
343,343,25220,28200
344,344,18915,21500
345,345,15035,17800
346,346,19885,22500
347,347,25220,28200
348,348,25705,28750
349,349,6305,7800
350,350,5820,7000
351,351,14550,18000
352,352,23280,26300
353,353,13580,15500
354,354,19703,22250
355,355,19703,22250
356,356,19703,22250
357,357,19703,22250
358,358,19703,22250
359,359,14717,16500
360,360,22320,27500
361,361,22320,27500
362,362,20635,23000
363,363,20635,23000
364,364,18083,21000
365,365,4500,5000
366,366,8312,9000
367,367,8300,9000
368,368,8300,9000
369,369,1650,2000
370,370,7250,8000
371,371,7250,8000
372,372,1650,2000
373,373,4480,5000
374,374,7150,8000
375,375,21160,23900
376,376,4450,5000
377,377,4125,4500
378,378,1726,2000
379,379,4450,5000
380,380,1726,2000
381,381,10000,11500
382,382,10000,11500
383,383,9599,11000
384,384,3000,4500
385,385,6500,8000
386,386,6500,8000
387,387,6700,8200
388,388,6700,8200
389,389,4467,6000
390,390,6700,8200
391,391,14750,16900
392,392,12245,14250
393,393,8125,2000
394,394,16250,18000
395,395,1625,2000
396,396,16250,18000
397,397,1625,2000
398,398,16250,18000
399,399,13600,15600
400,400,14384,16500
401,401,13600,15600
402,402,13600,15600
403,403,13600,15600
404,404,14000,16000
405,405,2471,3500
406,406,2523,3500
407,407,3330,4500
408,408,3833,5000
409,409,3833,5000
410,410,8250,9500
411,411,2375,3000
412,412,3900,5000
413,413,12500,14000
414,414,9200,11000
415,415,3000,4500
416,416,2462,3500
417,417,2462,3500
418,418,2462,3500
419,419,2500,3500
420,420,2955,4000
421,421,20833,23000
422,422,5500,6500
423,423,15830,17500
424,424,5500,6500
425,425,5500,6500
426,426,5500,6500
427,427,1733,2000
428,428,3250,5000
429,429,4000,5000
430,430,4000,5000
431,431,1200,1500
432,432,7500,8500
433,433,2533,3000
434,434,2461,3000
435,435,7500,8500
436,436,10750,12000
437,437,10750,12000
438,438,3029,3500
439,439,3029,3500
440,440,3029,3500
441,441,3029,3500
442,442,406,500
443,443,9750,10800
444,444,406,500
445,445,9750,10800
446,446,10508,12500
447,447,10714,12500
448,448,833,1000
449,449,63865,75000
450,450,2997,4000
451,451,23872,27000
452,452,3617,4000
453,453,3617,4000
454,454,23872,27000
455,455,15604,17250
456,456,19751,21900
457,457,26765,29500
458,458,15780,17500
459,459,1700,2000
460,460,1700,2000
461,461,8200,9900
462,462,1690,2000
463,463,8200,9500
464,464,10110,12500
465,465,3950,5000
466,466,8166,9900
467,467,4083,5000
468,468,8166,9500
469,469,4870,6000
470,470,4870,6000
471,471,4083,5000
472,472,4870,6000
473,473,8250,9500
474,474,1641,2000
475,475,8250,9500
476,476,21900,26250
477,477,21900,26250
478,478,4348,5500
479,479,15271,17500
480,480,13169,15250
481,481,15444,17900
482,482,15444,17900
483,483,8600,9000
484,484,8600,9000
485,485,8600,9000
486,486,8600,9000
487,487,8600,9000
488,488,8600,9000
489,489,1597,2000
490,490,19164,22000
491,491,1675,2000
492,492,14650,16900
493,493,2442,3000
494,494,2442,3000
495,495,14650,16900
496,496,2075,2500
497,497,2442,3000
498,498,2075,2500
499,499,2442,3000
500,500,14650,16900
501,501,2442,3000
502,502,2442,3000
503,503,30690,35000
504,504,17000,19900
505,505,17000,19900
506,506,20240,23250
507,507,3500,4000
508,508,35000,38000
509,509,3500,4000
510,510,35000,38000
511,511,14833,17500
512,512,14833,17500
513,513,13567,17500
514,514,18650,17500
515,515,4250,4500
516,516,2400,3000
517,517,4595,5000
518,518,4595,5000
519,519,2128,3500
520,520,2128,3500
521,521,2128,3500
522,522,1068,1250
523,523,10680,11500
524,524,1068,1250
525,525,10680,11500
526,526,1068,1250
527,527,10680,11500
528,528,1068,1250
529,529,10680,11500
530,530,833,1000
531,531,9996,10800
532,532,70000,82000
533,533,32315,38500
534,534,1575,2000
535,535,4250,5400
536,536,12200,15000
537,537,13291,14900
538,538,12980,15500
539,539,7225,8000
540,540,8500,9500
541,541,8414,9500
542,542,4500,5500
543,543,253,350
544,544,2500,3500
545,545,2500,3500
546,546,2500,3500
547,547,5725,7000
548,548,5416,6500
549,549,29500,33900
550,550,28750,32900
551,551,12050,14250
552,552,28750,33000
553,553,11667,13650
554,554,12050,13900
555,555,10000,12300
556,556,4000,6000
557,557,3800,5000
558,558,4525,5000
559,559,8700,9900
560,560,12933,14900
561,561,11417,13000
562,562,15317,17500
563,563,26000,29900
564,564,15317,17500
565,565,26000,29900
566,566,4200,5500
567,567,20570,23650
568,568,330,500
569,569,29920,34500
570,570,16000,18400
571,571,17300,19900
572,572,16600,18400
573,573,16600,118400
574,574,16600,18400
575,575,16600,18400
576,576,16600,18400
577,577,16600,18400
578,578,15539,18000
579,579,15600,18000
580,580,15600,18000
581,581,15600,18000
582,582,15600,18000
583,583,15600,18000
584,584,15600,18000
585,585,15400,18000
586,586,15400,18000
587,587,15400,18000
588,588,15400,18000
589,589,15400,18000
590,590,15400,18000
591,591,1174,1350
592,592,11740,12800
593,593,5500,6500
594,594,7958,9200
595,595,13267,15750
596,596,6050,7000
597,597,4783,5500
598,598,1531,2000
599,599,15317,18500
600,600,1531,2000
601,601,15317,18500
602,602,4783,5500
603,603,1531,2000
604,604,15317,18500
605,605,1533,2000
606,606,15333,18500
607,607,1531,2000
608,608,15317,18500
609,609,1531,2000
610,610,15317,18500
611,611,9692,11250
612,612,5867,7000
613,613,5500,6500
614,614,9692,11250
615,615,5500,6500
616,616,5500,6500
617,617,4200,5500
618,618,2650,2950
619,619,106000,116600
620,620,2665,2950
621,621,106600,116600
622,622,2785,3100
623,623,111400,122500
624,624,2800,3100
625,625,112000,123200
626,626,2825,3100
627,627,113000,124500
628,628,2825,3100
629,629,113000,124500
630,630,2775,3100
631,631,111000,122000
632,632,2797,3100
633,633,111900,123100
634,634,2825,3100
635,635,113000,122000
636,636,2693,3000
637,637,107700,118500
638,638,2847,3150
639,639,113900,125300
640,640,2775,3100
641,641,111000,122000
642,642,2650,2950
643,643,106000,116600
644,644,15028,17250
645,645,10729,12250
646,646,6800,8000
647,647,10729,12250
648,648,6800,8000
649,649,8816,10000
650,650,15750,18000
651,651,15750,18000
652,652,4750,5400
653,653,4750,5400
654,654,9983,11500
655,655,9983,11500
656,656,9284,11250
657,657,10395,12000
658,658,6383,7500
659,659,1651,2000
660,660,19812,21200
661,661,1116,1300
662,662,11166,11950
663,663,4857,5500
664,664,5075,6500
665,665,5500,6000
666,666,5500,6000
667,667,5335,6150
668,668,9680,11150
669,669,13617,15750
670,670,5350,6150
671,671,9900,11400
672,672,4433,5100
673,673,10050,11600
674,674,5500,6500
675,675,10340,12000
676,676,17325,19900
677,677,7348,8500
678,678,1265,1500
679,679,10285,11900
680,680,8239,9500
681,681,748,1000
682,682,9499,10500
683,683,812,1000
684,684,8470,9350
685,685,950,1000
686,686,812,1000
687,687,10499,12100
688,688,5200,6000
689,689,5200,6000
690,690,5313,6000
691,691,12000,13800
692,692,12000,13800
693,693,12000,13800
694,694,12000,13800
695,695,4950,5500
696,696,4583,5500
697,697,230,500
698,698,4625,5500
699,699,3166,4000
700,700,3167,4000
701,701,3167,4000
702,702,3167,4000
703,703,3167,4000
704,704,3125,4000
705,705,3166,4000
706,706,4000,5000
707,707,6450,7500
708,708,6250,7000
709,709,12500,14350
710,710,2800,3500
711,711,2800,3500
712,712,3750,4500
713,713,2800,3500
714,714,2800,3500
715,715,1383,1500
716,716,1266,1500
717,717,19059,22100
718,718,21878,25150
719,719,812,1000
720,720,19500,21450
721,721,5016,6000
722,722,8300,9000
723,723,8300,9000
724,724,1683,2000
725,725,5025,0
726,726,27150,29900
727,727,4406,5000
728,728,9275,10250
729,729,6000,6000
730,730,4100,5000
731,731,7591,8500
732,732,35980,42650
733,733,35980,42650
734,734,784,1000
735,735,9416,10350
736,736,10500,11750
737,737,10500,11750
738,738,15000,16500
739,739,10000,11500
740,740,15000,165
741,741,4500,5500
742,742,2843,3250
743,743,6083,6500
744,744,5083,5500
745,745,5083,5500
746,746,5083,5500
747,747,4290,5000
748,748,8965,10000
749,749,3625,4500
750,750,4800,5500
751,751,7683,8500
752,752,1200,1500
753,753,8330,9000
754,754,5791,6500
755,755,5300,5850
756,756,106000,116500
757,757,5300,5850
758,758,106000,116500
759,759,3100,3750
760,760,3100,3750
761,761,3100,3750
762,762,20617,23700
763,763,13611,15650
764,764,20617,23700
765,765,3433,4000
766,766,3433,4000
767,767,4183,4500
768,768,13611,15650
769,769,20617,23700
770,770,11500,13250
771,771,3433,4000
772,772,13600,15650
773,773,20617,23700
774,774,11500,13250
775,775,3433,4000
776,776,4183,5000
777,777,4500,4800
778,778,22553,25900
779,779,22553,25900
780,780,46000,52900
781,781,6500,7500
782,782,4400,5500
783,783,1611,2000
784,784,19332,21300
785,785,9075,10000
786,786,1060,1250
787,787,10600,11500
788,788,586,1000
789,789,1092,1300
790,790,10916,11900
791,791,4858,5500
792,792,4217,5000
793,793,4217,5000
794,794,20375,23500
795,795,20375,23500
796,796,4217,5000
797,797,4217,5000
798,798,3667,4500
799,799,5586,6200
800,800,10700,12300
801,801,1566,2000
802,802,8083,9000
803,803,14083,16200
804,804,13083,14900
805,805,9500,10900
806,806,5333,6000
807,807,5333,6000
808,808,1451,2000
809,809,20600,22750
810,810,18750,20700
811,811,20600,22720
812,812,17533,19300
813,813,67293,77500
814,814,67293,77500
815,815,15080,20000
816,816,18750,21500
817,817,30450,35000
818,818,47338,54500
819,819,59000,67850
820,820,20760,25000
821,821,17250,19500
822,822,16852,22400
823,823,16918,19500
824,824,14000,15500
825,825,2916,4000
826,826,2916,4000
827,827,7042,8000
828,828,3808,4500
829,829,7042,8000
830,830,4150,5000
831,831,7042,8000
832,832,4150,5000
833,833,7042,8000
834,834,4150,5000
835,835,6425,7500
836,836,3808,4500
837,837,6425,7500
838,838,3808,4500
839,839,4150,5000
840,840,3125,4000
841,841,7250,8250
842,842,4316,4800
843,843,3125,4000
844,844,7250,8250
845,845,4316,4800
846,846,1829,2500
847,847,1829,2500
848,848,1829,2500
849,849,16183,18500
850,850,16183,18500
851,851,2214,3000
852,852,2214,3000
853,853,2214,3000
854,854,10200,11250
855,855,14633,16900
856,856,10100,11250
857,857,16333,18900
858,858,16087,18900
859,859,40755,47000
860,860,15283,17500
861,861,12800,14100
862,862,2512,2800
863,863,100500,110500
864,864,2637,2950
865,865,105500,118000
866,866,2650,2950
867,867,106000,116600
868,868,2500,2750
869,869,100000,110000
870,870,3975,4000
871,871,2695,3000
872,872,107800,118600
873,873,2530,2800
874,874,101200,111500
875,875,2515,2800
876,876,100600,111000
877,877,12616,13500
878,878,12500,13500
879,879,12500,13500
880,880,16000,18500
881,881,16000,18500
882,882,2441,3000
883,883,2441,3000
884,884,5000,5400
885,885,5000,5400
886,886,7087,8500
887,887,21000,22500
888,888,21000,22500
889,889,5000,5400
890,890,2600,3000
891,891,2600,3000
892,892,14459,16500
893,893,14459,16500
894,894,7537,8500
895,895,2416,3000
896,896,1458,2000
897,897,6442,7500
898,898,6442,7500
899,899,6442,7500
900,900,5375,6000
901,901,5375,6000
902,902,7000,8000
903,903,18250,20900
904,904,18250,20900
905,905,8519,10000
906,906,12800,14750
907,907,12800,1475
908,908,3041,4000
909,909,4500,5500
910,910,6255,7500
911,911,7829,8500
912,912,7829,8500
913,913,7829,8500
914,914,7829,8500
915,915,1610,2000
916,916,54100,62900
917,917,4800,5000
918,918,16500,19000
919,919,4500,5000
920,920,23450,26900
921,921,412,500
922,922,8240,9000
923,923,412,500
924,924,8240,9000
925,925,2475,3000
926,926,2475,3000
927,927,16000,17600
928,928,9041,10000
929,929,9000,10000
930,930,9000,10000
931,931,3600,4000
932,932,2166,2500
933,933,12500,14500
934,934,12500,14500
935,935,12500,14500
936,936,12500,14500
937,937,12500,14500
938,938,12500,14500
939,939,12500,14500
940,940,1035,1500
941,941,1035,1500
942,942,1549,2000
943,943,1594,2000
944,944,5500,6000
945,945,5500,6000
946,946,5500,6000
947,947,15600,17900
948,948,5950,6600
949,949,3000,3500
950,950,5950,6600
951,951,3000,3500
952,952,5950,6600
953,953,3000,3500
954,954,800,100
955,955,16000,18000
956,956,822,1000
957,957,9864,10800
958,958,412,500
959,959,8240,9000
960,960,1675,2000
961,961,841,1000
962,962,1675,2000
963,963,414,500
964,964,8280,9000
965,965,414,500
966,966,8280,9000
967,967,822,1000
968,968,9864,10800
969,969,4416,5000
970,970,1650,2000
971,971,1591,2000
972,972,1591,2000
973,973,4416,5000
974,974,1650,2000
975,975,1591,2000
976,976,4416,5000
977,977,1650,2000
978,978,1591,2000
979,979,412,500
980,980,8240,9000
981,981,1860,2000
982,982,1860,2000
983,983,10980,12750
984,984,21780,25000
985,985,12780,14750
986,986,25650,29500
987,987,8504,9500
988,988,8250,9000
989,989,8290,9000
990,990,5500,6500
991,991,6000,7000
992,992,9275,14500
993,993,3117,4000
994,994,17500,20500
995,995,14000,16500
996,996,17000,20000
997,997,21000,24500
998,998,5800,6500
999,999,9666,10900
1000,1000,5916,6500
1001,1001,6833,7500
1002,1002,9523,10500
1003,1003,6250,7000
1004,1004,6200,7000
1005,1005,9766,10750
1006,1006,9766,7000
1007,1007,8500,9350
1008,1008,1180,1500
1009,1009,11800,13500
1010,1010,10267,11900
1011,1011,14080,16250
1012,1012,10267,11900
1013,1013,18533,21500
1014,1014,18533,21500
1015,1015,14800,17000
1016,1016,18533,21500
1017,1017,2733,3300
1018,1018,4908,5500
1019,1019,20519,23900
1020,1020,5791,6500
1021,1021,8583,9500
1022,1022,5366,6000
1023,1023,5366,6000
1024,1024,7450,8500
1025,1025,1853,2500
1026,1026,1835,2500
1027,1027,7117,8500
1028,1028,7750,9000
1029,1029,7217,8500
1030,1030,1023,13500
1031,1031,1023,13500
1032,1032,1023,13500
1033,1033,1023,13500
1034,1034,1023,13500
1035,1035,1023,13500
1036,1036,2318,3000
1037,1037,14650,16000
1038,1038,2075,3000
1039,1039,2318,3000
1040,1040,14650,16000
1041,1041,2075,3000
1042,1042,2318,3000
1043,1043,2318,3000
1044,1044,14650,16000
1045,1045,2075,3000
1046,1046,2318,3000
1047,1047,1666,2000
1048,1048,8750,10000
1049,1049,8750,10000
1050,1050,11000,12500
1051,1051,8013,9000
1052,1052,8013,9000
1053,1053,783,1000
1054,1054,18800,20700
1055,1055,783,1000
1056,1056,18800,20700
1057,1057,783,1000
1058,1058,18800,20700
1059,1059,783,1000
1060,1060,18800,20700
1061,1061,783,1000
1062,1062,18800,20700
1063,1063,64100,769
1064,1064,2558,3500
1065,1065,6458,7500
1066,1066,4083,4500
1067,1067,6458,7500
1068,1068,6458,7500
1069,1069,1722,2500
1070,1070,20664,24000
1071,1071,1722,2500
1072,1072,20664,24000
1073,1073,1722,2500
1074,1074,20664,24000
1075,1075,1722,2500
1076,1076,20664,24000
1077,1077,6458,7500
1078,1078,4083,4500
1079,1079,6250,7000
1080,1080,1701,2500
1081,1081,20412,24000
1082,1082,6458,7500
1083,1083,13600,21000
1084,1084,11880,13500
1085,1085,9900,11500
1086,1086,60067,69900
1087,1087,58833,67900
1088,1088,62967,72500
1089,1089,43900,50000
1090,1090,43900,50000
1091,1091,43667,50000
1092,1092,5958,6500
1093,1093,5750,6500
1094,1094,24350,27900
1095,1095,12633,14500
1096,1096,24350,27900
1097,1097,24350,27900
1098,1098,24350,27900
1099,1099,24350,27900
1100,1100,12633,14500
1101,1101,20585,23650
1102,1102,10717,12000
1103,1103,5333,6000
1104,1104,9166,11000
1105,1105,9417,11300
1106,1106,4683,5500
1107,1107,4560,5500
1108,1108,20900,24100
1109,1109,18200,20900
1110,1110,17766,20500
1111,1111,7550,8500
1112,1112,20325,23500
1113,1113,8550,9500
1114,1114,6825,7500
1115,1115,11466,13500
1116,1116,1516,2500
1117,1117,4240,5500
1118,1118,30085,34500
1119,1119,30085,34500
1120,1120,30085,34500
1121,1121,12633,14500
1122,1122,35000,40250
1123,1123,35572,40750
1124,1124,54315,40250
1125,1125,50872,58500
1126,1126,27157,31250
1127,1127,36720,42250
1128,1128,69615,80000
1129,1129,42525,49000
1130,1130,52245,60000
1131,1131,56700,65250
1132,1132,87480,101000
1133,1133,28755,33100
1134,1134,33615,38700
1135,1135,29070,33500
1136,1136,32100,37000
1137,1137,45000,51750
1138,1138,53550,61500
1139,1139,42800,49250
1140,1140,1675,2000
1141,1141,1675,2000
1142,1142,1675,2000
1143,1143,5400,6500
1144,1144,850,1000
1145,1145,1750,2000
1146,1146,16167,18500
1147,1147,16167,18500
1148,1148,15031,17500
1149,1149,15031,17500
1150,1150,15031,17500
1151,1151,5200,6000
1152,1152,5125,6000
1153,1153,10230,11250
1154,1154,23430,26000
1155,1155,4816,5500
1156,1156,57800,63600
1157,1157,4816,5500
1158,1158,57800,63600
1159,1159,2854,3500
1160,1160,68500,75500
1161,1161,2854,3500
1162,1162,68500,75500
1163,1163,4104,5000
1164,1164,98500,108500
1165,1165,4104,5000
1166,1166,98500,108500
1167,1167,800,1000
1168,1168,800,1000
1169,1169,790,1000
1170,1170,12600,1400
1171,1171,10000,11500
1172,1172,12271,13900
1173,1173,47831,55000
1174,1174,45534,52500
1175,1175,22682,26000
1176,1176,48280,55500
1177,1177,94791,110000
1178,1178,24921,28900
1179,1179,48280,55500
1180,1180,6944,8000
1181,1181,15115,17500
1182,1182,11606,13500
1183,1183,28351,31200
1184,1184,3883,5000
1185,1185,3883,5000
1186,1186,8360,10000
1187,1187,3850,5000
1188,1188,28160,32500
1189,1189,28160,32500
1190,1190,7568,8500
1191,1191,13024,15000
1192,1192,13024,15000
1193,1193,14256,16500
1194,1194,14256,16500
1195,1195,14256,16500
1196,1196,7920,8000
1197,1197,9020,10500
1198,1198,8600,9500
1199,1199,3840,4500
1200,1200,3760,4500
1201,1201,3760,4500
1202,1202,5104,6000
1203,1203,9240,10500
1204,1204,5104,6000
1205,1205,900,1000
1206,1206,18000,19000
1207,1207,900,1000
1208,1208,18000,19000
1209,1209,3290,4000
1210,1210,4000,4500
1211,1211,4000,4500
1212,1212,23000,25300
1213,1213,4933,5500
1214,1214,7367,8000
1215,1215,4933,5500
1216,1216,7367,8000
1217,1217,8375,9000
1218,1218,8375,9000
1219,1219,2325,2600
1220,1220,900,1000
1221,1221,900,1000
1222,1222,20100,22150
1223,1223,20100,22150
1224,1224,20100,22150
1225,1225,20100,22150
1226,1226,17713,19500
1227,1227,9833,11000
1228,1228,25000,27500
1229,1229,25000,27500
1230,1230,25000,27500
1231,1231,11092,12250
1232,1232,4916,12500
1233,1233,4916,12500
1234,1234,4916,12500
1235,1235,28000,32000
1236,1236,17000,19500
1237,1237,18500,20500
1238,1238,15550,17250
1239,1239,12000,13500
1240,1240,16000,17600
1241,1241,5000,6000
1242,1242,10500,11600
1243,1243,20000,22000
1244,1244,20000,22000
1245,1245,12500,13750
1246,1246,12000,13500
1247,1247,6000,7000
1248,1248,18100,20900
1249,1249,7849,9000
1250,1250,7849,9000
1251,1251,27300,30000
1252,1252,13406,14800
1253,1253,2000,2500
1254,1254,16567,17500
1255,1255,16567,17500
1256,1256,16567,17500
1257,1257,18717,20500
1258,1258,16567,17500
1259,1259,2000,2500
1260,1260,25200,27750
1261,1261,8583,10000
1262,1262,24200,27000
1263,1263,8583,10000
1264,1264,8583,10000
1265,1265,1730,2000
1266,1266,17300,18500
1267,1267,1730,2000
1268,1268,17300,18500
1269,1269,7800,8500
1270,1270,7500,8250
1271,1271,1708,2000
1272,1272,20500,2250
1273,1273,5300,6500
1274,1274,5666,6500
1275,1275,4800,5500
1276,1276,1716,2000
1277,1277,20600,22200
1278,1278,1716,2000
1279,1279,20600,22200
1280,1280,6142,7000
1281,1281,6142,7000
1282,1282,6166,7000
1283,1283,20700,22200
1284,1284,6166,7000
1285,1285,1725,2000
1286,1286,1733,2000
1287,1287,8950,10000
1288,1288,5550,6000
1289,1289,4500,5000
1290,1290,16389,18100
1291,1291,16389,18100
1292,1292,16389,18100
1293,1293,7875,8750
1294,1294,4354,4800
1295,1295,7875,8500
1296,1296,4354,8500
1297,1297,4305,5000
1298,1298,4267,5000
1299,1299,4792,5500
1300,1300,4792,5500
1301,1301,1998,2500
1302,1302,1600,2000
1303,1303,5974,6600
1304,1304,20833,23000
1305,1305,41666,46000
1306,1306,5125,6000
1307,1307,5125,6000
1308,1308,5125,6000
1309,1309,9217,10500
1310,1310,2088,2500
1311,1311,20880,22900
1312,1312,9217,10500
1313,1313,32300,35900
1314,1314,11200,12900
1315,1315,8240,9500
1316,1316,8500,9900
1317,1317,17600,19900
1318,1318,15500,17500
1319,1319,27000,29900
1320,1320,3350,3700
1321,1321,80400,84000
1322,1322,4750,5500
1323,1323,4562,5000
1324,1324,4450,5000
1325,1325,882,1000
1326,1326,10937,12000
1327,1327,1666,2000
1328,1328,2499,3000
1329,1329,4410,5000
1330,1330,1500,2000
1331,1331,5500,6000
1332,1332,2100,2500
1333,1333,2100,2500
1334,1334,2125,2500
1335,1335,2125,2500
1336,1336,2125,2500
1337,1337,2604,3000
1338,1338,2604,3000
1339,1339,3211,2500
1340,1340,15000,16500
1341,1341,7950,8750
1342,1342,18150,20000
1343,1343,6500,7500
1344,1344,11025,12250
1345,1345,33166,36500
1346,1346,16583,7500
1347,1347,6833,18500
1348,1348,11750,13000
1349,1349,5595,6500
1350,1350,8260,9500
1351,1351,1340,2000
1352,1352,1083,1500
1353,1353,11425,12600
1354,1354,50000,60000
1355,1355,9520,10500
1356,1356,15708,17300
1357,1357,3383,4000
1358,1358,28220,32500
1359,1359,29800,32900
1360,1360,32366,36500
1361,1361,29800,32900
1362,1362,4400,5000
1363,1363,17650,18500
1364,1364,3983,4500
1365,1365,16000,17500
1366,1366,3983,4500
1367,1367,3983,4500
1368,1368,3983,4500
1369,1369,9300,10200
1370,1370,1291,1500
1371,1371,12916,13500
1372,1372,1624,2000
1373,1373,1624,2000
1374,1374,3900,4500
1375,1375,13000,14500
1376,1376,4875,5500
1377,1377,4875,5500
1378,1378,1500,2000
1379,1379,15000,17000
1380,1380,1500,2000
1381,1381,15000,19000
1382,1382,22932,26900
1383,1383,22932,26900
1384,1384,22932,26900
1385,1385,20790,24000
1386,1386,20790,24000
1387,1387,20790,24000
1388,1388,3542,4000
1389,1389,4775,5500
1390,1390,4150,5000
1391,1391,5300,5500
1392,1392,8083,9000
1393,1393,13475,14900
1394,1394,6917,7900
1395,1395,6917,7900
1396,1396,6917,7900
1397,1397,7725,8500
1398,1398,7725,8500
1399,1399,10920,12100
1400,1400,10920,12100
1401,1401,10920,12100
1402,1402,10670,12100
1403,1403,10670,1200
1404,1404,390,500
1405,1405,4275,5000
1406,1406,4275,5000
1407,1407,23900,26500
1408,1408,4275,5000
1409,1409,23900,26500
1410,1410,3833,5000
1411,1411,9750,11000
1412,1412,9750,11000
1413,1413,9750,11000
1414,1414,3280,3650
1415,1415,78700,84000
1416,1416,3315,3700
1417,1417,79500,84500
1418,1418,8463,9500
1419,1419,8310,9500
1420,1420,8310,9500
1421,1421,11000,13000
1422,1422,8500,10000
1423,1423,1249,1500
1424,1424,1249,1500
1425,1425,2700,3000
1426,1426,802,1000
1427,1427,1602,2000
1428,1428,4583,5000
1429,1429,8416,9900
1430,1430,17416,19500
1431,1431,25926,29000
1432,1432,25926,29000
1433,1433,12000,13500
1434,1434,22450,26500
1435,1435,22450,26500
1436,1436,12000,26500
1437,1437,1650,2000
1438,1438,2575,3000
1439,1439,8575,9500
1440,1440,2550,3000
1441,1441,2550,3000
1442,1442,2557,3000
1443,1443,2647,2900
1444,1444,105900,112000
1445,1445,1656,2000
1446,1446,19872,21600
1447,1447,854,1000
1448,1448,10248,10800
1449,1449,4000,4500
1450,1450,2883,3500
1451,1451,3354,4000
1452,1452,3068,4000
1453,1453,3068,4000
1454,1454,3068,4000
1455,1455,9933,10800
1456,1456,9933,10800
1457,1457,8883,10800
1458,1458,12433,13200
1459,1459,11533,13000
1460,1460,16517,18200
1461,1461,11533,13000
1462,1462,16517,18200
1463,1463,15025,16600
1464,1464,16517,18200
1465,1465,3220,4000
1466,1466,1987,2500
1467,1467,17000,18900
1468,1468,1700,2000
1469,1469,425,500
1470,1470,8500,9000
1471,1471,17000,18900
1472,1472,1700,2000
1473,1473,427,500
1474,1474,8540,9000
1475,1475,1970,2500
1476,1476,3029,3500
1477,1477,6800,7900
1478,1478,6250,7250
1479,1479,4500,5500
1480,1480,6250,7250
1481,1481,4750,5500
1482,1482,4700,5500
1483,1483,6000,6500
1484,1484,750,1000
1485,1485,18000,19200
1486,1486,762,1000
1487,1487,18300,19500
1488,1488,1733,2500
1489,1489,2858,3500
1490,1490,5200,6000
1491,1491,2600,3000
1492,1492,26000,28000
1493,1493,2291,3000
1494,1494,5400,6000
1495,1495,9400,10500
1496,1496,16600,19000
1497,1497,11581,12750
1498,1498,833,1000
1499,1499,9996,10800
1500,1500,8310,10800
1501,1501,3725,4250
1502,1502,3075,3500
1503,1503,3075,3500
1504,1504,1175,1300
1505,1505,11750,12800
1506,1506,758,1000
1507,1507,18200,19200
1508,1508,30969,35500
1509,1509,30969,35500
1510,1510,30969,35500
1511,1511,8416,9000
1512,1512,5357,6500
1513,1513,5357,6500
1514,1514,1750,2000
1515,1515,7804,8500
1516,1516,2575,3000
1517,1517,4075,4500
1518,1518,2575,3000
1519,1519,4075,4500
1520,1520,2575,3000
1521,1521,2575,3000
1522,1522,2575,3000
1523,1523,4425,5000
1524,1524,2445,3000
1525,1525,115,150
1526,1526,3133,3500
1527,1527,3950,4500
1528,1528,17150,19500
1529,1529,14700,16500
1530,1530,14700,16500
1531,1531,14700,16500
1532,1532,3950,5000
1533,1533,3950,5000
1534,1534,22200,24500
1535,1535,22200,24500
1536,1536,22200,24500
1537,1537,22200,24500
1538,1538,21500,27000
1539,1539,14400,18000
1540,1540,21500,27000
1541,1541,14400,18000
1542,1542,14400,18000
1543,1543,14872,16500
1544,1544,27070,29900
1545,1545,39020,43000
1546,1546,14872,16500
1547,1547,27070,29800
1548,1548,21285,23500
1549,1549,13000,15000
1550,1550,16000,18000
1551,1551,18000,21000
1552,1552,7500,8500
1553,1553,18000,20500
1554,1554,18000,20500
1555,1555,7920,10500
1556,1556,19100,21100
1557,1557,12650,14000
1558,1558,19100,21100
1559,1559,12650,14000
1560,1560,19100,21100
1561,1561,12650,14000
1562,1562,12650,14000
1563,1563,19100,21100
1564,1564,12650,14000
1565,1565,10000,11500
1566,1566,28785,32500
1567,1567,28785,32500
1568,1568,5665,6500
1569,1569,5271,6500
1570,1570,5271,6500
1571,1571,5271,6500
1572,1572,5616,6500
1573,1573,5011,6500
1574,1574,5616,6500
1575,1575,5780,6500
1576,1576,5807,6500
1577,1577,6500,7500
1578,1578,4933,5500
1579,1579,4933,5500
1580,1580,1733,2000
1581,1581,1733,2000
1582,1582,25600,28250
1583,1583,25600,28250
1584,1584,22000,224500
1585,1585,22000,24500
1586,1586,24400,26900
1587,1587,24400,26900
1588,1588,16000,17800
1589,1589,33200,36600
1590,1590,33200,36600
1591,1591,33200,36600
1592,1592,33200,36600
1593,1593,64400,70900
1594,1594,36800,40500
1595,1595,36800,40500
1596,1596,25700,28500
1597,1597,34000,37500
1598,1598,34000,37500
1599,1599,34000,37500
1600,1600,45938,50900
1601,1601,45938,50900
1602,1602,45938,50900
1603,1603,37600,41500
1604,1604,37600,41500
1605,1605,32800,36100
1606,1606,24400,27000
1607,1607,14177,15750
1608,1608,14000,15500
1609,1609,21840,24100
1610,1610,22223,24500
1611,1611,38000,41900
1612,1612,38000,41900
1613,1613,38000,41900
1614,1614,38400,42300
1615,1615,14200,15700
1616,1616,14200,15700
1617,1617,20300,22500
1618,1618,20300,22500
1619,1619,39500,43500
1620,1620,26820,29750
1621,1621,39500,43700
1622,1622,26820,29750
1623,1623,39500,4370
1624,1624,21050,23500
1625,1625,11625,12900
1626,1626,8858,9900
1627,1627,19283,21500
1628,1628,15025,16700
1629,1629,10000,12000
1630,1630,10000,12000
1631,1631,2395,3000
1632,1632,1625,2000
1633,1633,5833,6500
1634,1634,5833,6500
1635,1635,5750,6500
1636,1636,3905,4500
1637,1637,3905,4500
1638,1638,3905,4500
1639,1639,25245,27900
1640,1640,25245,27900
1641,1641,25245,27900
1642,1642,12430,13900
1643,1643,11275,12500
1644,1644,11275,12500
1645,1645,17270,19000
1646,1646,8500,9400
1647,1647,4500,5000
1648,1648,33550,36900
1649,1649,21200,23500
1650,1650,12650,13900
1651,1651,4400,5000
1652,1652,4400,5000
1653,1653,12650,13900
1654,1654,13700,15250
1655,1655,13700,15250
1656,1656,13100,14500
1657,1657,8250,9000
1658,1658,8125,9000
1659,1659,8125,9000
1660,1660,1733,2000
1661,1661,1733,2000
1662,1662,795,1000
1663,1663,7950,8500
1664,1664,6187,8000
1665,1665,1675,2000
1666,1666,8375,9000
1667,1667,1000,1500
1668,1668,10000,12000
1669,1669,141000,153000
1670,1670,6055,8000
1671,1671,4125,4800
1672,1672,4125,4800
1673,1673,10250,10800
1674,1674,10250,10800
1675,1675,10250,10800
1676,1676,10250,10800
1677,1677,3375,4000
1678,1678,407,500
1679,1679,8150,9000
1680,1680,407,500
1681,1681,8150,9000
1682,1682,871,1000
1683,1683,871,1000
1684,1684,871,1000
1685,1685,871,1000
1686,1686,10458,10800
1687,1687,8625,9000
1688,1688,3783,4500
1689,1689,45400,48000
1690,1690,4130,4500
1691,1691,1717,2000
1692,1692,8300,9000
1693,1693,3800,4000
1694,1694,8300,9000
1695,1695,3800,4000
1696,1696,3800,4000
1697,1697,3960,4200
1698,1698,3800,4000
1699,1699,3800,4000
1700,1700,3800,4000
1701,1701,3800,4000
1702,1702,7750,8500
1703,1703,7750,8500
1704,1704,7750,8500
1705,1705,7750,8500
1706,1706,4050,4250
1707,1707,795,1000
1708,1708,7950,8500
1709,1709,1683,2000
1710,1710,1683,2000
1711,1711,500,1000
1712,1712,10000,14000
1713,1713,10000,14000
1714,1714,10000,14000
1715,1715,10000,14000
1716,1716,10000,14000
1717,1717,10000,14000
1718,1718,10000,14000
1719,1719,10000,14000
1720,1720,1900,2500
1721,1721,38000,44000
1722,1722,1900,2500
1723,1723,38000,44000
1724,1724,1604,2000
1725,1725,19250,21600
1726,1726,1541,2000
1727,1727,1541,2000
1728,1728,1583,2000
1729,1729,1583,2000
1730,1730,7500,9500
1731,1731,20300,23500
1732,1732,20300,23500
1733,1733,20300,23500
1734,1734,20300,23500
1735,1735,7500,9500
1736,1736,8450,9500
1737,1737,8450,9500
1738,1738,8450,9500
1739,1739,8404,9500
1740,1740,8500,9500
1741,1741,8452,9500
1742,1742,4714,5100
1743,1743,4083,4500
1744,1744,7150,8000
1745,1745,4816,6000
1746,1746,4816,6000
1747,1747,2600,3000
1748,1748,2600,3000
1749,1749,2600,3000
1750,1750,4680,5000
1751,1751,4680,5000
1752,1752,4680,5000
1753,1753,4680,5000
1754,1754,4415,4800
1755,1755,4558,4800
1756,1756,4558,4800
1757,1757,4558,4800
1758,1758,4500,4800
1759,1759,4500,4800
1760,1760,3395,4000
1761,1761,10800,12500
1762,1762,20750,22900
1763,1763,20750,22900
1764,1764,20750,22900
1765,1765,27591,30500
1766,1766,14483,16000
1767,1767,10416,11500
1768,1768,1974,2250
1769,1769,3541,4000
1770,1770,5958,6500
1771,1771,950,1500
1772,1772,6550,750
1773,1773,19650,21000
1774,1774,3416,4000
1775,1775,6833,7500
1776,1776,1680,2000
1777,1777,1570,2000
1778,1778,1492,1800
1779,1779,2072,2500
1780,1780,2220,2500
1781,1781,3708,4000
1782,1782,7416,8000
1783,1783,1660,2000
1784,1784,9683,11000
1785,1785,11825,13500
1786,1786,10083,11500
1787,1787,6740,7500
1788,1788,12533,14000
1789,1789,3016,3500
1790,1790,2166,2500
1791,1791,6320,7000
1792,1792,11375,12500
1793,1793,145,200
1794,1794,14500,15000
1795,1795,200,250
1796,1796,20000,22000
1797,1797,4500,5000
1798,1798,1500,2000
1799,1799,4000,4500
1800,1800,2000,2500
1801,1801,800,1000
1802,1802,500,750
1803,1803,7500,8000
1804,1804,15000,17500
1805,1805,8000,9000
1806,1806,13000,14000
1807,1807,4500,5000
1808,1808,3750,4250
1809,1809,3250,4000
1810,1810,625,1000
1811,1811,1000,1500
1812,1812,1750,2000
1813,1813,2000,2500
1814,1814,2500,3000
1815,1815,2500,3000
1816,1816,1400,2000
1817,1817,5000,5500
1818,1818,10833,12000
1819,1819,7000,7500
1820,1820,833,1000
1821,1821,10000,11000
1822,1822,833,1000
1823,1823,10000,11000
1824,1824,3500,4000
1825,1825,42000,45000
1826,1826,1000,1500
1827,1827,1500,2000
1828,1828,5000,6000
1829,1829,13333,15000
1830,1830,3250,4000
1831,1831,7000,8000
1832,1832,2650,3000
1833,1833,26500,28000
1834,1834,3900,4500
1835,1835,39000,42000
1836,1836,2200,2500
1837,1837,4300,5000
1838,1838,43000,47000
1839,1839,416,500
1840,1840,500,1000
1841,1841,2000,2500
1842,1842,3500,4000
1843,1843,7250,8000
1844,1844,6500,7000
1845,1845,210,250
1846,1846,1750,2000
1847,1847,1000,1500
1848,1848,96,150
1849,1849,2500,3000
1850,1850,2083,2500
1851,1851,2750,3000
1852,1852,3500,4000
1853,1853,1666,2000
1854,1854,2083,2500
1855,1855,1250,1500
1856,1856,2500,3000
1857,1857,2500,3000
1858,1858,1666,2000
1859,1859,8400,9000
1860,1860,8400,9000
1861,1861,6000,7000
1862,1862,6000,7000
1863,1863,750,1000
1864,1864,750,1000
1865,1865,750,1000
1866,1866,1800,2500
1867,1867,7591,8000
1868,1868,7591,8000
1869,1869,16300,17000
1870,1870,15800,16500
1871,1871,23466,25000
1872,1872,22366,23500
1873,1873,4800,5000
1874,1874,8740,9500
1875,1875,14850,16500
1876,1876,14800,16500
1877,1877,15283,16900
1878,1878,17616,19000
1879,1879,17616,19000
1880,1880,17616,19000
1881,1881,8750,9500
1882,1882,8750,9500
1883,1883,3400,4000
1884,1884,3850,4500
1885,1885,11125,12500
1886,1886,11125,12500
1887,1887,11125,12500
1888,1888,7800,8000
1889,1889,2591,3000
1890,1890,7260,9000
1891,1891,4866,5100
1892,1892,4660,5000
1893,1893,4660,5000
1894,1894,27141,29900
1895,1895,27141,29900
1896,1896,16966,18750
1897,1897,3783,3250
1898,1898,12316,13000
1899,1899,12316,13000
1900,1900,9530,11000
1901,1901,41083,45000
1902,1902,41083,45000
1903,1903,9941,11000
1904,1904,9941,11000
1905,1905,9941,11000
1906,1906,19300,21500
1907,1907,19300,21500
1908,1908,15750,17500
1909,1909,15750,17500
1910,1910,10066,11200
1911,1911,10066,11200
1912,1912,7317,8000
1913,1913,7317,8000
1914,1914,7317,8000
1915,1915,9941,11000
1916,1916,16400,18250
1917,1917,13066,14500
1918,1918,13066,14500
1919,1919,13066,14500
1920,1920,13066,14500
1921,1921,19216,21250
1922,1922,19216,21250
1923,1923,6266,7000
1924,1924,6266,7000
1925,1925,6266,7000
1926,1926,6800,7500
1927,1927,9816,11000
1928,1928,6200,7000
1929,1929,6200,7000
1930,1930,9440,10200
1931,1931,9440,10200
1932,1932,9440,10200
1933,1933,3115,3500
1934,1934,15575,16250
1935,1935,3115,3500
1936,1936,15575,16250
1937,1937,16000,17500
1938,1938,2375,2500
1939,1939,2375,2500
1940,1940,2375,2500
1941,1941,4866,5100
1942,1942,2430,2550
1943,1943,4866,5100
1944,1944,4866,5100
1945,1945,1479,2000
1946,1946,1746,2000
1947,1947,1746,2000
1948,1948,1746,2000
1949,1949,1746,2000
1950,1950,4491,4700
1951,1951,4491,4700
1952,1952,4491,4700
1953,1953,4108,4500
1954,1954,4108,4500
1955,1955,4108,4500
1956,1956,4108,4500
1957,1957,4491,4700
1958,1958,1766,2000
1959,1959,4808,5100
1960,1960,4808,5100
1961,1961,4808,5100
1962,1962,2430,2550
1963,1963,2430,2550
1964,1964,3466,4000
1965,1965,4916,5100
1966,1966,4916,5100
1967,1967,7775,9000
1968,1968,9070,12000
1969,1969,7560,8500
1970,1970,1562,2000
1971,1971,7812,8500
1972,1972,1596,2000
1973,1973,7981,8500
1974,1974,4470,5000
1975,1975,8940,9600
1976,1976,380,500
1977,1977,380,500
1978,1978,380,500
1979,1979,380,500
1980,1980,380,500
1981,1981,380,500
1982,1982,6865,7500
1983,1983,6865,7500
1984,1984,8000,9500
1985,1985,16000,17000
1986,1986,11800,13200
1987,1987,5095,5700
1988,1988,10190,10800
1989,1989,9550,11000
1990,1990,2937,3250
1991,1991,5000,5500
1992,1992,4916,5100
1993,1993,18475,19500
1994,1994,11865,13000
1995,1995,9950,10000
1996,1996,8720,9500
1997,1997,8720,9500
1998,1998,13933,15500
1999,1999,13933,15500
2000,2000,13933,15500
2001,2001,8200,9500
2002,2002,8200,9500
2003,2003,8200,9500
2004,2004,18583,20500
2005,2005,18583,20500
2006,2006,18583,20500
2007,2007,18583,20500
2008,2008,18583,20500
2009,2009,6300,7000
2010,2010,8058,8500
2011,2011,2980,4000
2012,2012,14900,17500
2013,2013,2980,4000
2014,2014,2980,4000
2015,2015,2900,4000
2016,2016,10900,12000
2017,2017,11394,14000
2018,2018,11394,14000
2019,2019,7183,8000
2020,2020,4895,5500
2021,2021,4895,5500
2022,2022,4895,5000
2023,2023,4895,5500
2024,2024,4895,5500
2025,2025,3341,3750
2026,2026,13766,15500
2027,2027,11266,13000
2028,2028,766,1000
2029,2029,9200,10200
2030,2030,766,100
2031,2031,9200,10200
2032,2032,13058,15000
2033,2033,13058,15000
2034,2034,16283,18000
2035,2035,16283,18000
2036,2036,15350,17500
2037,2037,15350,17500
2038,2038,7900,9000
2039,2039,7900,9000
2040,2040,7900,9000
2041,2041,24391,27000
2042,2042,24391,27000
2043,2043,19933,22000
2044,2044,19933,22000
2045,2045,19133,21500
2046,2046,19133,21500
2047,2047,19133,21500
2048,2048,12133,21500
2049,2049,12133,21500
2050,2050,12133,21500
2051,2051,759,1000
2052,2052,18233,20400
2053,2053,759,1000
2054,2054,18233,20400
2055,2055,1758,2500
2056,2056,42200,45000
2057,2057,3050,3300
2058,2058,3050,3300
2059,2059,5100,5500
2060,2060,19900,22000
2061,2061,18600,19500
2062,2062,20100,22500
2063,2063,16000,19000
2064,2064,16000,19000
2065,2065,18000,20000
2066,2066,18000,20000
2067,2067,22750,24900
2068,2068,17400,19500
2069,2069,4000,5000
2070,2070,4000,5000
2071,2071,7200,8000
2072,2072,7200,8000
2073,2073,7300,8000
2074,2074,7300,8000
2075,2075,7200,8000
2076,2076,4000,4500
2077,2077,21050,22000
2078,2078,11033,12250
2079,2079,18900,21000
2080,2080,9800,10500
2081,2081,17000,19000
2082,2082,1791,2500
2083,2083,43000,48000
2084,2084,3916,5000
2085,2085,47000,54000
2086,2086,1458,2000
2087,2087,35000,42000
2088,2088,29000,35000
2089,2089,1458,2000
2090,2090,35000,38000
2091,2091,13500,14000
2092,2092,45200,46000
2093,2093,41600,42500
2094,2094,22700,24000
2095,2095,21100,23000
2096,2096,53400,58000
2097,2097,50300,55500
2098,2098,39800,43800
2099,2099,39500,43500
2100,2100,41000,45000
2101,2101,36500,4000
2102,2102,36500,40000
2103,2103,57500,62500
2104,2104,53100,58000
2105,2105,15316,16500
2106,2106,15316,16500
2107,2107,15316,16500
2108,2108,15316,16500
2109,2109,15200,16500
2110,2110,15200,16500
2111,2111,12900,14250
2112,2112,12900,14250
2113,2113,9340,10500
2114,2114,9340,10500
2115,2115,8366,9500
2116,2116,8316,9500
2117,2117,8366,9500
2118,2118,8460,9500
2119,2119,8316,9500
2120,2120,718,1000
2121,2121,718,1000
2122,2122,12260,15000
2123,2123,813,1000
2124,2124,4791,5500
2125,2125,3916,4500
2126,2126,3916,4500
2127,2127,3916,4500
2128,2128,3916,4500
2129,2129,13000,14300
2130,2130,19665,21500
2131,2131,24060,26500
2132,2132,25560,28200
2133,2133,16450,18000
2134,2134,24660,27200
2135,2135,29960,32900
2136,2136,26960,29700
2137,2137,24460,26900
2138,2138,19515,21000
2139,2139,195150,200000
2140,2140,12810,14000
2141,2141,128100,130000
2142,2142,24460,26900
2143,2143,12490,13700
2144,2144,17220,18900
2145,2145,18320,20100
2146,2146,23050,25500
2147,2147,18050,19800
2148,2148,17250,19000
2149,2149,19560,21500
2150,2150,25560,28100
2151,2151,32420,35600
2152,2152,32420,35600
2153,2153,22030,24200
2154,2154,16160,17700
2155,2155,25600,28000
2156,2156,29900,32800
2157,2157,29900,32800
2158,2158,24400,26800
2159,2159,25650,28200
2160,2160,23250,25500
2161,2161,31350,34500
2162,2162,15760,17300
2163,2163,24460,26900
2164,2164,18950,20000
2165,2165,9475,11000
2166,2166,10160,11000
2167,2167,12200,13700
2168,2168,9060,10000
2169,2169,9996,11000
2170,2170,2214,3000
2171,2171,8000,9000
2172,2172,8000,9000
