id,user_id,total_cost,payment_method
1,1,63000,cash
2,1,47760,cash
3,1,79200,cash
4,1,79875,cash
5,1,31080,cash
6,1,53880,cash
7,1,183000,cash
8,1,60000,cash
9,1,276960,cash
10,1,173904,cash
11,1,53880,cash
12,1,10830,cash
13,1,335823,cash
14,1,138408,cash
15,1,12336,cash
16,1,109494,cash
17,1,34782,cash
18,1,276816,cash
19,1,18500,cash
20,1,23172,cash
21,1,963960,cash
22,1,883968,cash
23,1,72792,cash
24,1,5952,cash
25,1,131592,cash
26,1,71800,cash
27,1,72000,cash
28,1,130584,cash
29,1,130584,cash
30,1,38400,cash
31,1,25600,cash
32,1,18000,cash
33,1,18480,cash
34,1,37000,cash
35,1,18480,cash
36,1,74000,cash
37,1,18480,cash
38,1,74000,cash
39,1,18480,cash
40,1,55500,cash
41,1,18480,cash
42,1,37000,cash
43,1,20000,cash
44,1,20000,cash
45,1,43956,cash
46,1,15264,cash
47,1,195040,cash
48,1,27900,cash
49,1,27900,cash
50,1,27900,cash
51,1,79800,cash
52,1,90800,cash
53,1,79800,cash
54,1,90800,cash
55,1,32000,cash
56,1,39900,cash
57,1,90800,cash
58,1,30000,cash
59,1,151470,cash
60,1,151470,cash
61,1,91596,cash
62,1,26080,cash
63,1,299920,cash
64,1,15482,cash
65,1,7741,cash
66,1,7741,cash
67,1,27600,cash
68,1,9000,cash
69,1,28642,cash
70,1,64000,cash
71,1,2500,cash
72,1,106120,cash
73,1,15583,cash
74,1,249000,cash
75,1,247992,cash
76,1,109968,cash
77,1,374976,cash
78,1,481512,cash
79,1,27084,cash
80,1,20148,cash
81,1,18967,cash
82,1,37934,cash
83,1,18967,cash
84,1,18967,cash
85,1,6716,cash
86,1,41361,cash
87,1,57086,cash
88,1,60444,cash
89,1,85536,cash
90,1,127002,cash
91,1,28512,cash
92,1,107288,cash
93,1,26822,cash
94,1,107796,cash
95,1,285000,cash
96,1,12294,cash
97,1,22031,cash
98,1,22031,cash
99,1,22031,cash
100,1,30078,cash
101,1,92321,cash
102,1,72000,cash
103,1,45924,cash
104,1,61200,cash
105,1,30600,cash
106,1,28050,cash
107,1,196350,cash
108,1,125000,cash
109,1,20592,cash
110,1,82400,cash
111,1,138656,cash
112,1,163800,cash
113,1,1526,cash
114,1,63300,cash
115,1,91398,cash
116,1,46300,cash
117,1,63300,cash
118,1,92600,cash
119,1,11330,cash
120,1,42460,cash
121,1,97398,cash
122,1,91398,cash
123,1,91398,cash
124,1,91398,cash
125,1,90090,cash
126,1,16183,cash
127,1,59116,cash
128,1,9450,cash
129,1,8800,cash
130,1,26400,cash
131,1,45835,cash
132,1,555000,cash
133,1,4500,cash
134,1,52500,cash
135,1,62076,cash
136,1,20957,cash
137,1,13168,cash
138,1,154584,cash
139,1,154584,cash
140,1,3930,cash
141,1,33012,cash
142,1,5502,cash
143,1,51876,cash
144,1,484464,cash
145,1,49896,cash
146,1,49896,cash
147,1,49896,cash
148,1,49896,cash
149,1,7870,cash
150,1,66150,cash
151,1,3750,cash
152,1,31500,cash
153,1,10120,cash
154,1,10120,cash
155,1,49600,cash
156,1,24800,cash
157,1,24800,cash
158,1,24800,cash
159,1,24800,cash
160,1,49600,cash
161,1,55000,cash
162,1,55000,cash
163,1,87300,cash
164,1,49170,cash
165,1,24585,cash
166,1,11900,cash
167,1,19599,cash
168,1,199584,cash
169,1,90096,cash
170,1,148596,cash
171,1,108900,cash
172,1,104604,cash
173,1,97980,cash
174,1,186200,cash
175,1,239400,cash
176,1,186200,cash
177,1,249390,cash
178,1,16500,cash
179,1,66000,cash
180,1,16500,cash
181,1,66000,cash
182,1,10032,cash
183,1,110352,cash
184,1,16500,cash
185,1,66000,cash
186,1,97980,cash
187,1,8500,cash
188,1,93500,cash
189,1,18700,cash
190,1,18700,cash
191,1,14400,cash
192,1,57600,cash
193,1,14400,cash
194,1,57600,cash
195,1,18288,cash
196,1,73200,cash
197,1,111600,cash
198,1,14796,cash
199,1,31713,cash
200,1,71592,cash
201,1,14796,cash
202,1,37479,cash
203,1,61584,cash
204,1,151488,cash
205,1,126012,cash
206,1,151488,cash
207,1,151488,cash
208,1,126354,cash
209,1,37872,cash
210,1,133146,cash
211,1,75366,cash
212,1,18480,cash
213,1,74000,cash
214,1,24000,cash
215,1,14400,cash
216,1,14400,cash
217,1,24000,cash
218,1,14400,cash
219,1,231328,cash
220,1,318076,cash
221,1,171900,cash
222,1,387612,cash
223,1,289160,cash
224,1,169164,cash
225,1,115664,cash
226,1,37992,cash
227,1,134694,cash
228,1,37992,cash
229,1,37992,cash
230,1,192984,cash
231,1,151230,cash
232,1,158196,cash
233,1,194592,cash
234,1,72396,cash
235,1,91992,cash
236,1,60600,cash
237,1,60600,cash
238,1,32592,cash
239,1,46750,cash
240,1,136000,cash
241,1,56691,cash
242,1,132900,cash
243,1,128799,cash
244,1,132900,cash
245,1,29600,cash
246,1,12290,cash
247,1,19580,cash
248,1,20680,cash
249,1,13200,cash
250,1,16700,cash
251,1,16400,cash
252,1,16400,cash
253,1,16400,cash
254,1,28000,cash
255,1,72000,cash
256,1,45500,cash
257,1,42000,cash
258,1,89000,cash
259,1,17800,cash
260,1,71200,cash
261,1,53400,cash
262,1,90900,cash
263,1,90900,cash
264,1,90900,cash
265,1,96300,cash
266,1,96300,cash
267,1,96300,cash
268,1,96300,cash
269,1,75600,cash
270,1,14300,cash
271,1,14300,cash
272,1,19500,cash
273,1,34500,cash
274,1,21300,cash
275,1,19500,cash
276,1,34500,cash
277,1,21300,cash
278,1,19500,cash
279,1,34500,cash
280,1,21300,cash
281,1,38400,cash
282,1,32100,cash
283,1,32000,cash
284,1,64200,cash
285,1,57750,cash
286,1,67200,cash
287,1,35600,cash
288,1,67200,cash
289,1,198600,cash
290,1,234204,cash
291,1,208092,cash
292,1,60060,cash
293,1,208092,cash
294,1,102600,cash
295,1,208092,cash
296,1,102600,cash
297,1,208092,cash
298,1,2250,cash
299,1,655776,cash
300,1,18040,cash
301,1,9790,cash
302,1,6820,cash
303,1,19580,cash
304,1,3410,cash
305,1,16940,cash
306,1,50655,cash
307,1,25410,cash
308,1,25410,cash
309,1,45540,cash
310,1,8470,cash
311,1,66804,cash
312,1,51150,cash
313,1,34100,cash
314,1,52990,cash
315,1,32000,cash
316,1,22400,cash
317,1,791,cash
318,1,3208,cash
319,1,38532,cash
320,1,4248,cash
321,1,3200,cash
322,1,102660,cash
323,1,102660,cash
324,1,186000,cash
325,1,2767,cash
326,1,55340,cash
327,1,55340,cash
328,1,102660,cash
329,1,37200,cash
330,1,148800,cash
331,1,148800,cash
332,1,44000,cash
333,1,19000,cash
334,1,133000,cash
335,1,345000,cash
336,1,381984,cash
337,1,9408,cash
338,1,47040,cash
339,1,50496,cash
340,1,50496,cash
341,1,50496,cash
342,1,50496,cash
343,1,25220,cash
344,1,18915,cash
345,1,30070,cash
346,1,39770,cash
347,1,50440,cash
348,1,25705,cash
349,1,6305,cash
350,1,5820,cash
351,1,43650,cash
352,1,46560,cash
353,1,13580,cash
354,1,236436,cash
355,1,236436,cash
356,1,236436,cash
357,1,236436,cash
358,1,236436,cash
359,1,88302,cash
360,1,22320,cash
361,1,267840,cash
362,1,61905,cash
363,1,41270,cash
364,1,216996,cash
365,1,193500,cash
366,1,66496,cash
367,1,49800,cash
368,1,49800,cash
369,1,33000,cash
370,1,72500,cash
371,1,72500,cash
372,1,33000,cash
373,1,44800,cash
374,1,21450,cash
375,1,105800,cash
376,1,53400,cash
377,1,49500,cash
378,1,77670,cash
379,1,53400,cash
380,1,51780,cash
381,1,10000,cash
382,1,10000,cash
383,1,19198,cash
384,1,36000,cash
385,1,13000,cash
386,1,19500,cash
387,1,40200,cash
388,1,40200,cash
389,1,53604,cash
390,1,33500,cash
391,1,14750,cash
392,1,12245,cash
393,1,130000,cash
394,1,130000,cash
395,1,19500,cash
396,1,162500,cash
397,1,19500,cash
398,1,162500,cash
399,1,40800,cash
400,1,43152,cash
401,1,40800,cash
402,1,40800,cash
403,1,40800,cash
404,1,42000,cash
405,1,29652,cash
406,1,30276,cash
407,1,39960,cash
408,1,91992,cash
409,1,137988,cash
410,1,16500,cash
411,1,85500,cash
412,1,74100,cash
413,1,12500,cash
414,1,36800,cash
415,1,12000,cash
416,1,71398,cash
417,1,34468,cash
418,1,64012,cash
419,1,17500,cash
420,1,5910,cash
421,1,249996,cash
422,1,33000,cash
423,1,15830,cash
424,1,33000,cash
425,1,5500,cash
426,1,49500,cash
427,1,51990,cash
428,1,65000,cash
429,1,36000,cash
430,1,44000,cash
431,1,26400,cash
432,1,150000,cash
433,1,91188,cash
434,1,88596,cash
435,1,150000,cash
436,1,516000,cash
437,1,516000,cash
438,1,72696,cash
439,1,72696,cash
440,1,72696,cash
441,1,72696,cash
442,1,9744,cash
443,1,48750,cash
444,1,9744,cash
445,1,48750,cash
446,1,42032,cash
447,1,21428,cash
448,1,33320,cash
449,1,191595,cash
450,1,35964,cash
451,1,71616,cash
452,1,43404,cash
453,1,43404,cash
454,1,71616,cash
455,1,202852,cash
456,1,19751,cash
457,1,80295,cash
458,1,15780,cash
459,1,102000,cash
460,1,102000,cash
461,1,41000,cash
462,1,33800,cash
463,1,41000,cash
464,1,101100,cash
465,1,39500,cash
466,1,48996,cash
467,1,48996,cash
468,1,48996,cash
469,1,48700,cash
470,1,48700,cash
471,1,48996,cash
472,1,48700,cash
473,1,49500,cash
474,1,196920,cash
475,1,49500,cash
476,1,65700,cash
477,1,65700,cash
478,1,8696,cash
479,1,106897,cash
480,1,26338,cash
481,1,46332,cash
482,1,15444,cash
483,1,43000,cash
484,1,43000,cash
485,1,103200,cash
486,1,43000,cash
487,1,43000,cash
488,1,43000,cash
489,1,19164,cash
490,1,95820,cash
491,1,67000,cash
492,1,87900,cash
493,1,29304,cash
494,1,29304,cash
495,1,175800,cash
496,1,24900,cash
497,1,29304,cash
498,1,18675,cash
499,1,58608,cash
500,1,87900,cash
501,1,58608,cash
502,1,58608,cash
503,1,30690,cash
504,1,17000,cash
505,1,17000,cash
506,1,20240,cash
507,1,35000,cash
508,1,140000,cash
509,1,35000,cash
510,1,140000,cash
511,1,88998,cash
512,1,88998,cash
513,1,81402,cash
514,1,111900,cash
515,1,68000,cash
516,1,57600,cash
517,1,110280,cash
518,1,110280,cash
519,1,4256,cash
520,1,4256,cash
521,1,12768,cash
522,1,25632,cash
523,1,138840,cash
524,1,17088,cash
525,1,181560,cash
526,1,25632,cash
527,1,138840,cash
528,1,25632,cash
529,1,138840,cash
530,1,9996,cash
531,1,89964,cash
532,1,140000,cash
533,1,64630,cash
534,1,63000,cash
535,1,68000,cash
536,1,183000,cash
537,1,318984,cash
538,1,259600,cash
539,1,289000,cash
540,1,17000,cash
541,1,8414,cash
542,1,9000,cash
543,1,54648,cash
544,1,50000,cash
545,1,50000,cash
546,1,50000,cash
547,1,17175,cash
548,1,97488,cash
549,1,59000,cash
550,1,28750,cash
551,1,132550,cash
552,1,345000,cash
553,1,140004,cash
554,1,144600,cash
555,1,10000,cash
556,1,16000,cash
557,1,91200,cash
558,1,108600,cash
559,1,104400,cash
560,1,77598,cash
561,1,137004,cash
562,1,91902,cash
563,1,156000,cash
564,1,91902,cash
565,1,156000,cash
566,1,42000,cash
567,1,20570,cash
568,1,33000,cash
569,1,59840,cash
570,1,48000,cash
571,1,51900,cash
572,1,16600,cash
573,1,16600,cash
574,1,16600,cash
575,1,16600,cash
576,1,16600,cash
577,1,16600,cash
578,1,46617,cash
579,1,31200,cash
580,1,31200,cash
581,1,31200,cash
582,1,31200,cash
583,1,31200,cash
584,1,31200,cash
585,1,30800,cash
586,1,30800,cash
587,1,30800,cash
588,1,30800,cash
589,1,30800,cash
590,1,30800,cash
591,1,23480,cash
592,1,469600,cash
593,1,132000,cash
594,1,175076,cash
595,1,159204,cash
596,1,151250,cash
597,1,167405,cash
598,1,76550,cash
599,1,76585,cash
600,1,61240,cash
601,1,137853,cash
602,1,114792,cash
603,1,50523,cash
604,1,45951,cash
605,1,30660,cash
606,1,61332,cash
607,1,45930,cash
608,1,45951,cash
609,1,61240,cash
610,1,137853,cash
611,1,116304,cash
612,1,70404,cash
613,1,132000,cash
614,1,116304,cash
615,1,55000,cash
616,1,22000,cash
617,1,50400,cash
618,1,106000,cash
619,1,424000,cash
620,1,106600,cash
621,1,426400,cash
622,1,111400,cash
623,1,445600,cash
624,1,112000,cash
625,1,112000,cash
626,1,113000,cash
627,1,113000,cash
628,1,113000,cash
629,1,0,cash
630,1,111000,cash
631,1,111000,cash
632,1,111880,cash
633,1,0,cash
634,1,113000,cash
635,1,113000,cash
636,1,107720,cash
637,1,107700,cash
638,1,113880,cash
639,1,0,cash
640,1,111000,cash
641,1,111000,cash
642,1,106000,cash
643,1,424000,cash
644,1,360672,cash
645,1,514992,cash
646,1,136000,cash
647,1,514992,cash
648,1,136000,cash
649,1,44080,cash
650,1,15750,cash
651,1,47250,cash
652,1,42750,cash
653,1,42750,cash
654,1,119796,cash
655,1,119796,cash
656,1,9284,cash
657,1,20790,cash
658,1,76596,cash
659,1,19812,cash
660,1,138684,cash
661,1,11160,cash
662,1,346146,cash
663,1,101997,cash
664,1,121800,cash
665,1,44000,cash
666,1,44000,cash
667,1,5335,cash
668,1,19360,cash
669,1,81702,cash
670,1,64200,cash
671,1,19800,cash
672,1,106392,cash
673,1,50250,cash
674,1,44000,cash
675,1,10340,cash
676,1,51975,cash
677,1,7348,cash
678,1,1265,cash
679,1,10285,cash
680,1,8239,cash
681,1,9724,cash
682,1,37996,cash
683,1,4872,cash
684,1,16940,cash
685,1,20900,cash
686,1,29232,cash
687,1,31497,cash
688,1,36400,cash
689,1,15600,cash
690,1,5313,cash
691,1,24000,cash
692,1,24000,cash
693,1,24000,cash
694,1,12000,cash
695,1,44550,cash
696,1,41247,cash
697,1,10120,cash
698,1,13875,cash
699,1,15830,cash
700,1,3167,cash
701,1,9501,cash
702,1,3167,cash
703,1,6334,cash
704,1,18750,cash
705,1,6332,cash
706,1,24000,cash
707,1,51600,cash
708,1,81250,cash
709,1,12500,cash
710,1,56000,cash
711,1,56000,cash
712,1,90000,cash
713,1,56000,cash
714,1,56000,cash
715,1,19362,cash
716,1,32916,cash
717,1,114354,cash
718,1,131268,cash
719,1,19488,cash
720,1,78000,cash
721,1,120384,cash
722,1,16600,cash
723,1,66400,cash
724,1,40392,cash
725,1,120600,cash
726,1,325800,cash
727,1,211488,cash
728,1,222600,cash
729,1,48000,cash
730,1,159900,cash
731,1,91092,cash
732,1,215880,cash
733,1,71960,cash
734,1,9408,cash
735,1,141240,cash
736,1,10500,cash
737,1,42000,cash
738,1,105000,cash
739,1,20000,cash
740,1,15000,cash
741,1,4500,cash
742,1,136464,cash
743,1,145992,cash
744,1,121992,cash
745,1,121992,cash
746,1,121992,cash
747,1,17160,cash
748,1,44825,cash
749,1,87000,cash
750,1,57600,cash
751,1,61464,cash
752,1,39600,cash
753,1,199920,cash
754,1,162148,cash
755,1,106000,cash
756,1,0,cash
757,1,212000,cash
758,1,106000,cash
759,1,24800,cash
760,1,24800,cash
761,1,24800,cash
762,1,123702,cash
763,1,163332,cash
764,1,123702,cash
765,1,0,cash
766,1,6866,cash
767,1,50196,cash
768,1,163332,cash
769,1,0,cash
770,1,34500,cash
771,1,82392,cash
772,1,163200,cash
773,1,123702,cash
774,1,34500,cash
775,1,82392,cash
776,1,50196,cash
777,1,117000,cash
778,1,270636,cash
779,1,270636,cash
780,1,46000,cash
781,1,26000,cash
782,1,8800,cash
783,1,19332,cash
784,1,212652,cash
785,1,27225,cash
786,1,21200,cash
787,1,318000,cash
788,1,35160,cash
789,1,13104,cash
790,1,65496,cash
791,1,116592,cash
792,1,101208,cash
793,1,105425,cash
794,1,244500,cash
795,1,244500,cash
796,1,101208,cash
797,1,101208,cash
798,1,7334,cash
799,1,11172,cash
800,1,21400,cash
801,1,37584,cash
802,1,96996,cash
803,1,168996,cash
804,1,156996,cash
805,1,28500,cash
806,1,21332,cash
807,1,10666,cash
808,1,26118,cash
809,1,247200,cash
810,1,225000,cash
811,1,247200,cash
812,1,210396,cash
813,1,67293,cash
814,1,67293,cash
815,1,180960,cash
816,1,225000,cash
817,1,30450,cash
818,1,94676,cash
819,1,59000,cash
820,1,249120,cash
821,1,258750,cash
822,1,50556,cash
823,1,16918,cash
824,1,14000,cash
825,1,209952,cash
826,1,209952,cash
827,1,84504,cash
828,1,45696,cash
829,1,84504,cash
830,1,78850,cash
831,1,84504,cash
832,1,49800,cash
833,1,84504,cash
834,1,49800,cash
835,1,77100,cash
836,1,53312,cash
837,1,77100,cash
838,1,57120,cash
839,1,8300,cash
840,1,150000,cash
841,1,348000,cash
842,1,258960,cash
843,1,150000,cash
844,1,348000,cash
845,1,258960,cash
846,1,5487,cash
847,1,7316,cash
848,1,21948,cash
849,1,97098,cash
850,1,97098,cash
851,1,92988,cash
852,1,92988,cash
853,1,61992,cash
854,1,51000,cash
855,1,87798,cash
856,1,101000,cash
857,1,65332,cash
858,1,80435,cash
859,1,40755,cash
860,1,122264,cash
861,1,153600,cash
862,1,100480,cash
863,1,402000,cash
864,1,105480,cash
865,1,211000,cash
866,1,106000,cash
867,1,106000,cash
868,1,100000,cash
869,1,400000,cash
870,1,79500,cash
871,1,107800,cash
872,1,0,cash
873,1,101200,cash
874,1,0,cash
875,1,100600,cash
876,1,100600,cash
877,1,151392,cash
878,1,150000,cash
879,1,150000,cash
880,1,16000,cash
881,1,32000,cash
882,1,58584,cash
883,1,58584,cash
884,1,20000,cash
885,1,20000,cash
886,1,7087,cash
887,1,42000,cash
888,1,42000,cash
889,1,20000,cash
890,1,62400,cash
891,1,62400,cash
892,1,28918,cash
893,1,14459,cash
894,1,15074,cash
895,1,86976,cash
896,1,30618,cash
897,1,38652,cash
898,1,38652,cash
899,1,38652,cash
900,1,64500,cash
901,1,64500,cash
902,1,7000,cash
903,1,18250,cash
904,1,54750,cash
905,1,8519,cash
906,1,12800,cash
907,1,12800,cash
908,1,36492,cash
909,1,40500,cash
910,1,56295,cash
911,1,187896,cash
912,1,187896,cash
913,1,187896,cash
914,1,187896,cash
915,1,9660,cash
916,1,108200,cash
917,1,148800,cash
918,1,16500,cash
919,1,31500,cash
920,1,46900,cash
921,1,8240,cash
922,1,90640,cash
923,1,4120,cash
924,1,0,cash
925,1,99000,cash
926,1,99000,cash
927,1,320000,cash
928,1,216984,cash
929,1,144000,cash
930,1,126000,cash
931,1,216000,cash
932,1,97470,cash
933,1,25000,cash
934,1,25000,cash
935,1,25000,cash
936,1,25000,cash
937,1,25000,cash
938,1,25000,cash
939,1,25000,cash
940,1,49680,cash
941,1,49680,cash
942,1,77450,cash
943,1,79700,cash
944,1,5500,cash
945,1,16500,cash
946,1,16500,cash
947,1,187200,cash
948,1,35700,cash
949,1,18000,cash
950,1,5950,cash
951,1,18000,cash
952,1,17850,cash
953,1,18000,cash
954,1,16000,cash
955,1,80000,cash
956,1,9864,cash
957,1,39456,cash
958,1,8240,cash
959,1,41200,cash
960,1,67000,cash
961,1,50460,cash
962,1,67000,cash
963,1,16560,cash
964,1,91080,cash
965,1,8280,cash
966,1,91080,cash
967,1,9864,cash
968,1,59184,cash
969,1,13248,cash
970,1,66000,cash
971,1,47730,cash
972,1,47730,cash
973,1,22080,cash
974,1,66000,cash
975,1,95460,cash
976,1,105984,cash
977,1,66000,cash
978,1,95460,cash
979,1,8240,cash
980,1,90640,cash
981,1,93000,cash
982,1,93000,cash
983,1,131760,cash
984,1,130680,cash
985,1,153360,cash
986,1,153900,cash
987,1,204096,cash
988,1,198000,cash
989,1,99480,cash
990,1,49500,cash
991,1,6000,cash
992,1,111300,cash
993,1,74808,cash
994,1,17500,cash
995,1,14000,cash
996,1,17000,cash
997,1,42000,cash
998,1,11600,cash
999,1,608958,cash
1000,1,212976,cash
1001,1,204990,cash
1002,1,285690,cash
1003,1,12500,cash
1004,1,99200,cash
1005,1,195320,cash
1006,1,195320,cash
1007,1,297500,cash
1008,1,47200,cash
1009,1,188800,cash
1010,1,20534,cash
1011,1,168960,cash
1012,1,41068,cash
1013,1,92665,cash
1014,1,129731,cash
1015,1,177600,cash
1016,1,111198,cash
1017,1,65592,cash
1018,1,117792,cash
1019,1,20519,cash
1020,1,69492,cash
1021,1,102996,cash
1022,1,128784,cash
1023,1,128784,cash
1024,1,89400,cash
1025,1,66708,cash
1026,1,66060,cash
1027,1,85404,cash
1028,1,93000,cash
1029,1,79387,cash
1030,1,20460,cash
1031,1,61380,cash
1032,1,10230,cash
1033,1,30690,cash
1034,1,30690,cash
1035,1,10230,cash
1036,1,32452,cash
1037,1,87900,cash
1038,1,16600,cash
1039,1,32452,cash
1040,1,87900,cash
1041,1,24900,cash
1042,1,32452,cash
1043,1,34770,cash
1044,1,87900,cash
1045,1,18675,cash
1046,1,27816,cash
1047,1,119952,cash
1048,1,105000,cash
1049,1,52500,cash
1050,1,110000,cash
1051,1,96156,cash
1052,1,96156,cash
1053,1,18792,cash
1054,1,94000,cash
1055,1,18792,cash
1056,1,37600,cash
1057,1,18792,cash
1058,1,56400,cash
1059,1,18792,cash
1060,1,75200,cash
1061,1,18792,cash
1062,1,18800,cash
1063,1,128200,cash
1064,1,61392,cash
1065,1,25832,cash
1066,1,48996,cash
1067,1,38748,cash
1068,1,83954,cash
1069,1,20664,cash
1070,1,103320,cash
1071,1,20664,cash
1072,1,61992,cash
1073,1,20664,cash
1074,1,103320,cash
1075,1,20664,cash
1076,1,20664,cash
1077,1,45206,cash
1078,1,48996,cash
1079,1,37500,cash
1080,1,20412,cash
1081,1,224532,cash
1082,1,83954,cash
1083,1,13600,cash
1084,1,23760,cash
1085,1,19800,cash
1086,1,180201,cash
1087,1,176499,cash
1088,1,188901,cash
1089,1,131700,cash
1090,1,131700,cash
1091,1,131001,cash
1092,1,142992,cash
1093,1,517500,cash
1094,1,292200,cash
1095,1,151596,cash
1096,1,48700,cash
1097,1,24350,cash
1098,1,73050,cash
1099,1,292200,cash
1100,1,151596,cash
1101,1,82340,cash
1102,1,128604,cash
1103,1,15999,cash
1104,1,109992,cash
1105,1,113004,cash
1106,1,56196,cash
1107,1,13680,cash
1108,1,20900,cash
1109,1,218400,cash
1110,1,213192,cash
1111,1,90600,cash
1112,1,243900,cash
1113,1,102600,cash
1114,1,81900,cash
1115,1,275184,cash
1116,1,18192,cash
1117,1,114480,cash
1118,1,300850,cash
1119,1,361020,cash
1120,1,180510,cash
1121,1,151596,cash
1122,1,70000,cash
1123,1,71144,cash
1124,1,162945,cash
1125,1,50872,cash
1126,1,54314,cash
1127,1,110160,cash
1128,1,69615,cash
1129,1,85050,cash
1130,1,156735,cash
1131,1,56700,cash
1132,1,262440,cash
1133,1,57510,cash
1134,1,67230,cash
1135,1,29070,cash
1136,1,96300,cash
1137,1,135000,cash
1138,1,53550,cash
1139,1,128400,cash
1140,1,67000,cash
1141,1,67000,cash
1142,1,67000,cash
1143,1,54000,cash
1144,1,153000,cash
1145,1,8750,cash
1146,1,97002,cash
1147,1,97002,cash
1148,1,15031,cash
1149,1,30062,cash
1150,1,15031,cash
1151,1,124800,cash
1152,1,123000,cash
1153,1,20460,cash
1154,1,93720,cash
1155,1,57792,cash
1156,1,0,cash
1157,1,57792,cash
1158,1,0,cash
1159,1,68496,cash
1160,1,0,cash
1161,1,68496,cash
1162,1,0,cash
1163,1,196992,cash
1164,1,0,cash
1165,1,196992,cash
1166,1,0,cash
1167,1,16000,cash
1168,1,24000,cash
1169,1,79000,cash
1170,1,50400,cash
1171,1,10000,cash
1172,1,61355,cash
1173,1,95662,cash
1174,1,91068,cash
1175,1,22682,cash
1176,1,48280,cash
1177,1,189582,cash
1178,1,49842,cash
1179,1,144840,cash
1180,1,83328,cash
1181,1,30230,cash
1182,1,46424,cash
1183,1,28351,cash
1184,1,46596,cash
1185,1,46596,cash
1186,1,8360,cash
1187,1,103950,cash
1188,1,28160,cash
1189,1,28160,cash
1190,1,7568,cash
1191,1,13024,cash
1192,1,13024,cash
1193,1,28512,cash
1194,1,14256,cash
1195,1,14256,cash
1196,1,15840,cash
1197,1,9020,cash
1198,1,34400,cash
1199,1,7680,cash
1200,1,18800,cash
1201,1,3760,cash
1202,1,10208,cash
1203,1,9240,cash
1204,1,5104,cash
1205,1,18000,cash
1206,1,18000,cash
1207,1,18000,cash
1208,1,18000,cash
1209,1,197400,cash
1210,1,24000,cash
1211,1,4000,cash
1212,1,46000,cash
1213,1,49330,cash
1214,1,44202,cash
1215,1,9866,cash
1216,1,44202,cash
1217,1,335000,cash
1218,1,502500,cash
1219,1,93000,cash
1220,1,1800,cash
1221,1,9000,cash
1222,1,40200,cash
1223,1,40200,cash
1224,1,40200,cash
1225,1,40200,cash
1226,1,88565,cash
1227,1,117996,cash
1228,1,25000,cash
1229,1,50000,cash
1230,1,25000,cash
1231,1,133104,cash
1232,1,157312,cash
1233,1,39328,cash
1234,1,39328,cash
1235,1,56000,cash
1236,1,17000,cash
1237,1,18500,cash
1238,1,15550,cash
1239,1,12000,cash
1240,1,32000,cash
1241,1,50000,cash
1242,1,31500,cash
1243,1,40000,cash
1244,1,20000,cash
1245,1,37500,cash
1246,1,36000,cash
1247,1,6000,cash
1248,1,18100,cash
1249,1,7849,cash
1250,1,15698,cash
1251,1,163800,cash
1252,1,160872,cash
1253,1,4000,cash
1254,1,149103,cash
1255,1,99402,cash
1256,1,49701,cash
1257,1,224604,cash
1258,1,99402,cash
1259,1,4000,cash
1260,1,50400,cash
1261,1,102996,cash
1262,1,290400,cash
1263,1,102996,cash
1264,1,102996,cash
1265,1,17300,cash
1266,1,69200,cash
1267,1,17300,cash
1268,1,69200,cash
1269,1,163800,cash
1270,1,210000,cash
1271,1,20496,cash
1272,1,102500,cash
1273,1,95400,cash
1274,1,101988,cash
1275,1,86400,cash
1276,1,22308,cash
1277,1,41200,cash
1278,1,20592,cash
1279,1,41200,cash
1280,1,85988,cash
1281,1,85988,cash
1282,1,49328,cash
1283,1,144900,cash
1284,1,110988,cash
1285,1,41400,cash
1286,1,103980,cash
1287,1,358000,cash
1288,1,222000,cash
1289,1,40500,cash
1290,1,16389,cash
1291,1,49167,cash
1292,1,32778,cash
1293,1,189000,cash
1294,1,208992,cash
1295,1,189000,cash
1296,1,208992,cash
1297,1,154980,cash
1298,1,55471,cash
1299,1,62296,cash
1300,1,62296,cash
1301,1,239760,cash
1302,1,4800,cash
1303,1,107532,cash
1304,1,249996,cash
1305,1,249996,cash
1306,1,61500,cash
1307,1,71750,cash
1308,1,30750,cash
1309,1,110604,cash
1310,1,62640,cash
1311,1,187920,cash
1312,1,110604,cash
1313,1,96900,cash
1314,1,67200,cash
1315,1,8240,cash
1316,1,17000,cash
1317,1,17600,cash
1318,1,93000,cash
1319,1,81000,cash
1320,1,80400,cash
1321,1,0,cash
1322,1,342000,cash
1323,1,218976,cash
1324,1,133500,cash
1325,1,194040,cash
1326,1,524976,cash
1327,1,264894,cash
1328,1,42483,cash
1329,1,4410,cash
1330,1,1500,cash
1331,1,5500,cash
1332,1,8400,cash
1333,1,10500,cash
1334,1,25500,cash
1335,1,25500,cash
1336,1,25500,cash
1337,1,2604,cash
1338,1,5208,cash
1339,1,9633,cash
1340,1,360000,cash
1341,1,198750,cash
1342,1,217800,cash
1343,1,156000,cash
1344,1,132300,cash
1345,1,198996,cash
1346,1,397992,cash
1347,1,81996,cash
1348,1,141000,cash
1349,1,11190,cash
1350,1,24780,cash
1351,1,12060,cash
1352,1,25992,cash
1353,1,22850,cash
1354,1,50000,cash
1355,1,66640,cash
1356,1,31416,cash
1357,1,81192,cash
1358,1,56440,cash
1359,1,357600,cash
1360,1,453124,cash
1361,1,387400,cash
1362,1,4400,cash
1363,1,17650,cash
1364,1,47796,cash
1365,1,16000,cash
1366,1,19915,cash
1367,1,59745,cash
1368,1,39830,cash
1369,1,390600,cash
1370,1,12910,cash
1371,1,142076,cash
1372,1,4872,cash
1373,1,4872,cash
1374,1,202800,cash
1375,1,39000,cash
1376,1,58500,cash
1377,1,58500,cash
1378,1,15000,cash
1379,1,75000,cash
1380,1,15000,cash
1381,1,75000,cash
1382,1,45864,cash
1383,1,45864,cash
1384,1,45864,cash
1385,1,41580,cash
1386,1,41580,cash
1387,1,20790,cash
1388,1,42504,cash
1389,1,57300,cash
1390,1,49800,cash
1391,1,63600,cash
1392,1,96996,cash
1393,1,161700,cash
1394,1,41502,cash
1395,1,41502,cash
1396,1,41502,cash
1397,1,92700,cash
1398,1,92700,cash
1399,1,43680,cash
1400,1,10920,cash
1401,1,10920,cash
1402,1,10670,cash
1403,1,10670,cash
1404,1,3120,cash
1405,1,102600,cash
1406,1,102600,cash
1407,1,286800,cash
1408,1,102600,cash
1409,1,286800,cash
1410,1,137988,cash
1411,1,117000,cash
1412,1,117000,cash
1413,1,117000,cash
1414,1,78720,cash
1415,1,78700,cash
1416,1,79560,cash
1417,1,0,cash
1418,1,33852,cash
1419,1,33240,cash
1420,1,8310,cash
1421,1,11000,cash
1422,1,8500,cash
1423,1,1249,cash
1424,1,1249,cash
1425,1,94500,cash
1426,1,3208,cash
1427,1,197046,cash
1428,1,109992,cash
1429,1,100992,cash
1430,1,208992,cash
1431,1,155556,cash
1432,1,207408,cash
1433,1,144000,cash
1434,1,404100,cash
1435,1,269400,cash
1436,1,144000,cash
1437,1,66000,cash
1438,1,103000,cash
1439,1,102900,cash
1440,1,102000,cash
1441,1,102000,cash
1442,1,102280,cash
1443,1,105880,cash
1444,1,0,cash
1445,1,19872,cash
1446,1,139104,cash
1447,1,20496,cash
1448,1,112728,cash
1449,1,48000,cash
1450,1,2883,cash
1451,1,3354,cash
1452,1,12272,cash
1453,1,30680,cash
1454,1,9204,cash
1455,1,119196,cash
1456,1,119196,cash
1457,1,106596,cash
1458,1,149196,cash
1459,1,46132,cash
1460,1,198204,cash
1461,1,92264,cash
1462,1,198204,cash
1463,1,180300,cash
1464,1,198204,cash
1465,1,77280,cash
1466,1,238440,cash
1467,1,51000,cash
1468,1,51000,cash
1469,1,8500,cash
1470,1,34000,cash
1471,1,34000,cash
1472,1,34000,cash
1473,1,8540,cash
1474,1,76860,cash
1475,1,47280,cash
1476,1,72696,cash
1477,1,47600,cash
1478,1,37500,cash
1479,1,22500,cash
1480,1,6250,cash
1481,1,38000,cash
1482,1,18800,cash
1483,1,36000,cash
1484,1,18000,cash
1485,1,72000,cash
1486,1,18288,cash
1487,1,73200,cash
1488,1,83184,cash
1489,1,68592,cash
1490,1,104000,cash
1491,1,52000,cash
1492,1,208000,cash
1493,1,54984,cash
1494,1,270000,cash
1495,1,9400,cash
1496,1,33200,cash
1497,1,555888,cash
1498,1,9996,cash
1499,1,89964,cash
1500,1,997200,cash
1501,1,111750,cash
1502,1,73800,cash
1503,1,73800,cash
1504,1,11750,cash
1505,1,82250,cash
1506,1,18192,cash
1507,1,72800,cash
1508,1,185814,cash
1509,1,185814,cash
1510,1,154845,cash
1511,1,100992,cash
1512,1,10714,cash
1513,1,37499,cash
1514,1,52500,cash
1515,1,187296,cash
1516,1,103000,cash
1517,1,97800,cash
1518,1,103000,cash
1519,1,97800,cash
1520,1,103000,cash
1521,1,103000,cash
1522,1,103000,cash
1523,1,106200,cash
1524,1,58680,cash
1525,1,11500,cash
1526,1,25064,cash
1527,1,3950,cash
1528,1,51450,cash
1529,1,14700,cash
1530,1,44100,cash
1531,1,29400,cash
1532,1,23700,cash
1533,1,7900,cash
1534,1,22200,cash
1535,1,22200,cash
1536,1,22200,cash
1537,1,22200,cash
1538,1,21500,cash
1539,1,28800,cash
1540,1,43000,cash
1541,1,28800,cash
1542,1,14400,cash
1543,1,178464,cash
1544,1,162420,cash
1545,1,234120,cash
1546,1,356928,cash
1547,1,162420,cash
1548,1,21285,cash
1549,1,13000,cash
1550,1,16000,cash
1551,1,54000,cash
1552,1,15000,cash
1553,1,36000,cash
1554,1,18000,cash
1555,1,31680,cash
1556,1,57300,cash
1557,1,37950,cash
1558,1,57300,cash
1559,1,37950,cash
1560,1,57300,cash
1561,1,37950,cash
1562,1,37950,cash
1563,1,57300,cash
1564,1,37950,cash
1565,1,10000,cash
1566,1,28785,cash
1567,1,28785,cash
1568,1,22660,cash
1569,1,5271,cash
1570,1,5271,cash
1571,1,5271,cash
1572,1,5616,cash
1573,1,10022,cash
1574,1,16848,cash
1575,1,5780,cash
1576,1,17421,cash
1577,1,6500,cash
1578,1,4933,cash
1579,1,295980,cash
1580,1,103980,cash
1581,1,103980,cash
1582,1,25600,cash
1583,1,25600,cash
1584,1,22000,cash
1585,1,22000,cash
1586,1,24400,cash
1587,1,24400,cash
1588,1,48000,cash
1589,1,66400,cash
1590,1,33200,cash
1591,1,33200,cash
1592,1,66400,cash
1593,1,193200,cash
1594,1,110400,cash
1595,1,110400,cash
1596,1,77100,cash
1597,1,34000,cash
1598,1,34000,cash
1599,1,34000,cash
1600,1,45938,cash
1601,1,45938,cash
1602,1,45938,cash
1603,1,75200,cash
1604,1,37600,cash
1605,1,98400,cash
1606,1,73200,cash
1607,1,42531,cash
1608,1,42000,cash
1609,1,65520,cash
1610,1,66669,cash
1611,1,38000,cash
1612,1,38000,cash
1613,1,38000,cash
1614,1,115200,cash
1615,1,14200,cash
1616,1,28400,cash
1617,1,20300,cash
1618,1,20300,cash
1619,1,39500,cash
1620,1,53640,cash
1621,1,39500,cash
1622,1,26820,cash
1623,1,39500,cash
1624,1,21050,cash
1625,1,186000,cash
1626,1,212592,cash
1627,1,115698,cash
1628,1,30050,cash
1629,1,10000,cash
1630,1,10000,cash
1631,1,2395,cash
1632,1,65000,cash
1633,1,174990,cash
1634,1,174990,cash
1635,1,138000,cash
1636,1,7810,cash
1637,1,11715,cash
1638,1,3905,cash
1639,1,75735,cash
1640,1,75735,cash
1641,1,50490,cash
1642,1,12430,cash
1643,1,22550,cash
1644,1,11275,cash
1645,1,51810,cash
1646,1,34000,cash
1647,1,135000,cash
1648,1,33550,cash
1649,1,42400,cash
1650,1,75900,cash
1651,1,26400,cash
1652,1,22000,cash
1653,1,75900,cash
1654,1,13700,cash
1655,1,27400,cash
1656,1,78600,cash
1657,1,66000,cash
1658,1,97500,cash
1659,1,32500,cash
1660,1,51990,cash
1661,1,51990,cash
1662,1,7950,cash
1663,1,71550,cash
1664,1,49496,cash
1665,1,16750,cash
1666,1,50250,cash
1667,1,20000,cash
1668,1,60000,cash
1669,1,141000,cash
1670,1,108990,cash
1671,1,82500,cash
1672,1,82500,cash
1673,1,82000,cash
1674,1,10250,cash
1675,1,10250,cash
1676,1,20500,cash
1677,1,81000,cash
1678,1,8140,cash
1679,1,73350,cash
1680,1,8140,cash
1681,1,73350,cash
1682,1,20904,cash
1683,1,20904,cash
1684,1,20904,cash
1685,1,20904,cash
1686,1,52290,cash
1687,1,69000,cash
1688,1,45396,cash
1689,1,136200,cash
1690,1,123900,cash
1691,1,68680,cash
1692,1,49800,cash
1693,1,57000,cash
1694,1,49800,cash
1695,1,57000,cash
1696,1,57000,cash
1697,1,59400,cash
1698,1,57000,cash
1699,1,57000,cash
1700,1,57000,cash
1701,1,57000,cash
1702,1,93000,cash
1703,1,93000,cash
1704,1,93000,cash
1705,1,93000,cash
1706,1,40500,cash
1707,1,15900,cash
1708,1,63600,cash
1709,1,100980,cash
1710,1,100980,cash
1711,1,10000,cash
1712,1,40000,cash
1713,1,200000,cash
1714,1,60000,cash
1715,1,200000,cash
1716,1,50000,cash
1717,1,200000,cash
1718,1,200000,cash
1719,1,50000,cash
1720,1,38000,cash
1721,1,38000,cash
1722,1,38000,cash
1723,1,114000,cash
1724,1,19248,cash
1725,1,211750,cash
1726,1,36984,cash
1727,1,36984,cash
1728,1,37992,cash
1729,1,37992,cash
1730,1,225000,cash
1731,1,101500,cash
1732,1,40600,cash
1733,1,20300,cash
1734,1,40600,cash
1735,1,90000,cash
1736,1,338000,cash
1737,1,338000,cash
1738,1,338000,cash
1739,1,352968,cash
1740,1,357000,cash
1741,1,354984,cash
1742,1,98994,cash
1743,1,48996,cash
1744,1,85800,cash
1745,1,57792,cash
1746,1,57792,cash
1747,1,31200,cash
1748,1,31200,cash
1749,1,31200,cash
1750,1,46800,cash
1751,1,46800,cash
1752,1,46800,cash
1753,1,46800,cash
1754,1,88300,cash
1755,1,109392,cash
1756,1,109392,cash
1757,1,109392,cash
1758,1,135000,cash
1759,1,135000,cash
1760,1,81480,cash
1761,1,129600,cash
1762,1,103750,cash
1763,1,103750,cash
1764,1,41500,cash
1765,1,331092,cash
1766,1,173796,cash
1767,1,124992,cash
1768,1,98700,cash
1769,1,42492,cash
1770,1,71496,cash
1771,1,23750,cash
1772,1,39300,cash
1773,1,39300,cash
1774,1,40992,cash
1775,1,40998,cash
1776,1,42000,cash
1777,1,78500,cash
1778,1,37300,cash
1779,1,51800,cash
1780,1,55500,cash
1781,1,37080,cash
1782,1,140904,cash
1783,1,83000,cash
1784,1,58098,cash
1785,1,141900,cash
1786,1,120996,cash
1787,1,67400,cash
1788,1,75198,cash
1789,1,36192,cash
1790,1,25992,cash
1791,1,63200,cash
1792,1,136500,cash
1793,1,14500,cash
1794,1,130500,cash
1795,1,20000,cash
1796,1,80000,cash
1797,1,54000,cash
1798,1,18000,cash
1799,1,24000,cash
1800,1,12000,cash
1801,1,8000,cash
1802,1,6000,cash
1803,1,22500,cash
1804,1,75000,cash
1805,1,16000,cash
1806,1,26000,cash
1807,1,54000,cash
1808,1,45000,cash
1809,1,39000,cash
1810,1,15000,cash
1811,1,72000,cash
1812,1,21000,cash
1813,1,60000,cash
1814,1,30000,cash
1815,1,30000,cash
1816,1,28000,cash
1817,1,200000,cash
1818,1,129996,cash
1819,1,84000,cash
1820,1,9996,cash
1821,1,0,cash
1822,1,9996,cash
1823,1,0,cash
1824,1,42000,cash
1825,1,42000,cash
1826,1,12000,cash
1827,1,18000,cash
1828,1,60000,cash
1829,1,159996,cash
1830,1,39000,cash
1831,1,84000,cash
1832,1,53000,cash
1833,1,0,cash
1834,1,78000,cash
1835,1,0,cash
1836,1,44000,cash
1837,1,86000,cash
1838,1,0,cash
1839,1,9984,cash
1840,1,50000,cash
1841,1,20000,cash
1842,1,35000,cash
1843,1,87000,cash
1844,1,39000,cash
1845,1,42000,cash
1846,1,21000,cash
1847,1,10000,cash
1848,1,48000,cash
1849,1,30000,cash
1850,1,24996,cash
1851,1,33000,cash
1852,1,42000,cash
1853,1,19992,cash
1854,1,24996,cash
1855,1,32500,cash
1856,1,30000,cash
1857,1,30000,cash
1858,1,19992,cash
1859,1,84000,cash
1860,1,84000,cash
1861,1,72000,cash
1862,1,72000,cash
1863,1,30000,cash
1864,1,30000,cash
1865,1,9000,cash
1866,1,36000,cash
1867,1,91092,cash
1868,1,91092,cash
1869,1,48900,cash
1870,1,47400,cash
1871,1,70398,cash
1872,1,67098,cash
1873,1,115200,cash
1874,1,52440,cash
1875,1,89100,cash
1876,1,88800,cash
1877,1,91698,cash
1878,1,35232,cash
1879,1,35232,cash
1880,1,35232,cash
1881,1,26250,cash
1882,1,26250,cash
1883,1,20400,cash
1884,1,23100,cash
1885,1,66750,cash
1886,1,66750,cash
1887,1,66750,cash
1888,1,156000,cash
1889,1,62184,cash
1890,1,72600,cash
1891,1,58392,cash
1892,1,55920,cash
1893,1,55920,cash
1894,1,162846,cash
1895,1,162846,cash
1896,1,101796,cash
1897,1,45396,cash
1898,1,73896,cash
1899,1,73896,cash
1900,1,95300,cash
1901,1,123249,cash
1902,1,123249,cash
1903,1,29823,cash
1904,1,29823,cash
1905,1,29823,cash
1906,1,57900,cash
1907,1,57900,cash
1908,1,47250,cash
1909,1,47250,cash
1910,1,30198,cash
1911,1,30198,cash
1912,1,21951,cash
1913,1,21951,cash
1914,1,21951,cash
1915,1,29823,cash
1916,1,32800,cash
1917,1,13066,cash
1918,1,13066,cash
1919,1,26132,cash
1920,1,26132,cash
1921,1,57648,cash
1922,1,57648,cash
1923,1,18798,cash
1924,1,18798,cash
1925,1,18798,cash
1926,1,20400,cash
1927,1,58896,cash
1928,1,18600,cash
1929,1,18600,cash
1930,1,75520,cash
1931,1,84960,cash
1932,1,75520,cash
1933,1,62300,cash
1934,1,93450,cash
1935,1,62300,cash
1936,1,93450,cash
1937,1,96000,cash
1938,1,47500,cash
1939,1,23750,cash
1940,1,23750,cash
1941,1,58392,cash
1942,1,48600,cash
1943,1,58392,cash
1944,1,58392,cash
1945,1,35496,cash
1946,1,52380,cash
1947,1,52380,cash
1948,1,52380,cash
1949,1,52380,cash
1950,1,53892,cash
1951,1,53892,cash
1952,1,53892,cash
1953,1,49296,cash
1954,1,49296,cash
1955,1,49296,cash
1956,1,49296,cash
1957,1,53892,cash
1958,1,52980,cash
1959,1,57696,cash
1960,1,57696,cash
1961,1,57696,cash
1962,1,48600,cash
1963,1,48600,cash
1964,1,83184,cash
1965,1,117984,cash
1966,1,117984,cash
1967,1,93300,cash
1968,1,90700,cash
1969,1,75600,cash
1970,1,31240,cash
1971,1,93744,cash
1972,1,31920,cash
1973,1,95772,cash
1974,1,26820,cash
1975,1,62580,cash
1976,1,9500,cash
1977,1,9500,cash
1978,1,8360,cash
1979,1,9120,cash
1980,1,9120,cash
1981,1,9120,cash
1982,1,137300,cash
1983,1,137300,cash
1984,1,80000,cash
1985,1,112000,cash
1986,1,70800,cash
1987,1,40760,cash
1988,1,61140,cash
1989,1,382000,cash
1990,1,140976,cash
1991,1,250000,cash
1992,1,117984,cash
1993,1,221700,cash
1994,1,237300,cash
1995,1,99500,cash
1996,1,69760,cash
1997,1,87200,cash
1998,1,41799,cash
1999,1,41799,cash
2000,1,41799,cash
2001,1,24600,cash
2002,1,24600,cash
2003,1,24600,cash
2004,1,55749,cash
2005,1,55749,cash
2006,1,55749,cash
2007,1,55749,cash
2008,1,55749,cash
2009,1,37800,cash
2010,1,193392,cash
2011,1,29800,cash
2012,1,59600,cash
2013,1,14900,cash
2014,1,14900,cash
2015,1,17400,cash
2016,1,130800,cash
2017,1,91152,cash
2018,1,91152,cash
2019,1,172392,cash
2020,1,29370,cash
2021,1,29370,cash
2022,1,29370,cash
2023,1,24475,cash
2024,1,4895,cash
2025,1,40092,cash
2026,1,82596,cash
2027,1,67596,cash
2028,1,18384,cash
2029,1,0,cash
2030,1,9192,cash
2031,1,9200,cash
2032,1,78348,cash
2033,1,78348,cash
2034,1,48849,cash
2035,1,48849,cash
2036,1,46050,cash
2037,1,46050,cash
2038,1,23700,cash
2039,1,23700,cash
2040,1,23700,cash
2041,1,146346,cash
2042,1,146346,cash
2043,1,59799,cash
2044,1,59799,cash
2045,1,57399,cash
2046,1,57399,cash
2047,1,57399,cash
2048,1,72798,cash
2049,1,72798,cash
2050,1,72798,cash
2051,1,18216,cash
2052,1,36466,cash
2053,1,18216,cash
2054,1,36466,cash
2055,1,84384,cash
2056,1,126600,cash
2057,1,244000,cash
2058,1,244000,cash
2059,1,61200,cash
2060,1,199000,cash
2061,1,186000,cash
2062,1,201000,cash
2063,1,80000,cash
2064,1,80000,cash
2065,1,90000,cash
2066,1,90000,cash
2067,1,68250,cash
2068,1,52200,cash
2069,1,72000,cash
2070,1,72000,cash
2071,1,108000,cash
2072,1,108000,cash
2073,1,109500,cash
2074,1,109500,cash
2075,1,28800,cash
2076,1,120000,cash
2077,1,105250,cash
2078,1,132396,cash
2079,1,226800,cash
2080,1,117600,cash
2081,1,323000,cash
2082,1,85968,cash
2083,1,344000,cash
2084,1,93984,cash
2085,1,141000,cash
2086,1,69984,cash
2087,1,105000,cash
2088,1,145000,cash
2089,1,69984,cash
2090,1,105000,cash
2091,1,270000,cash
2092,1,90400,cash
2093,1,83200,cash
2094,1,45400,cash
2095,1,42200,cash
2096,1,106800,cash
2097,1,100600,cash
2098,1,119400,cash
2099,1,118500,cash
2100,1,82000,cash
2101,1,36500,cash
2102,1,109500,cash
2103,1,57500,cash
2104,1,159300,cash
2105,1,45948,cash
2106,1,45948,cash
2107,1,45948,cash
2108,1,45948,cash
2109,1,45600,cash
2110,1,15200,cash
2111,1,38700,cash
2112,1,38700,cash
2113,1,56040,cash
2114,1,56040,cash
2115,1,25098,cash
2116,1,49896,cash
2117,1,50196,cash
2118,1,25380,cash
2119,1,49896,cash
2120,1,37336,cash
2121,1,34464,cash
2122,1,122600,cash
2123,1,58536,cash
2124,1,114984,cash
2125,1,93984,cash
2126,1,93984,cash
2127,1,93984,cash
2128,1,93984,cash
2129,1,130000,cash
2130,1,786600,cash
2131,1,240600,cash
2132,1,766800,cash
2133,1,329000,cash
2134,1,493200,cash
2135,1,599200,cash
2136,1,539200,cash
2137,1,489200,cash
2138,1,585450,cash
2139,1,3317550,cash
2140,1,384300,cash
2141,1,2177700,cash
2142,1,244600,cash
2143,1,249800,cash
2144,1,344400,cash
2145,1,183200,cash
2146,1,230500,cash
2147,1,361000,cash
2148,1,172500,cash
2149,1,195600,cash
2150,1,766800,cash
2151,1,324200,cash
2152,1,324200,cash
2153,1,660900,cash
2154,1,161600,cash
2155,1,256000,cash
2156,1,299000,cash
2157,1,299000,cash
2158,1,244000,cash
2159,1,256500,cash
2160,1,232500,cash
2161,1,313500,cash
2162,1,157600,cash
2163,1,244600,cash
2164,1,132650,cash
2165,1,94750,cash
2166,1,508000,cash
2167,1,610000,cash
2168,1,453000,cash
2169,1,499800,cash
2170,1,30996,cash
2171,1,40000,cash
2172,1,48000,cash
